subreddit,word,count
2012Elections,election,21
2012Elections,com,19
2012Elections,news,18
2012Elections,romney,11
2012Elections,vote,9
2012Elections,debate,9
2012Elections,youtube,8
2012Elections,president,7
2012Elections,state,7
2012Elections,obama,6
2012Elections,voter,6
2012Elections,campaign,5
2012Elections,term,4
2012Elections,win,4
2012Elections,poll,4
2012Elections,night,3
2012Elections,ohio,3
2012Elections,candidate,3
2012Elections,group,3
2012Elections,post,3
2012Elections,reuters,3
2012Elections,magazine,3
2012Elections,ad,3
2012Elections,today,2
2012Elections,view,2
911truth,truth,10
911truth,attack,10
911truth,wtc,7
911truth,tower,6
911truth,info,6
911truth,collapse,5
911truth,link,5
911truth,question,4
911truth,griffin,4
911truth,report,4
911truth,theory,4
911truth,evidence,4
911truth,ryan,4
911truth,video,3
911truth,FALSE,3
911truth,tape,3
911truth,exercise,3
911truth,center,3
911truth,package,3
911truth,hijacker,3
911truth,fall,3
911truth,meeting,3
911truth,article,3
911truth,world,3
911truth,interview,3
activism,activist,18
activism,activism,10
activism,protest,7
activism,action,6
activism,quietboymusik,6
activism,movement,5
activism,group,4
activism,day,4
activism,protester,4
activism,prison,4
activism,resistance,4
activism,march,4
activism,world,4
activism,strike,3
activism,campaign,3
activism,people,3
activism,hand,3
activism,nyc,3
activism,help,3
activism,education,3
activism,tree,3
activism,idea,3
activism,man,3
activism,th,3
activism,wilson,2
afghanistan,afghanistan,163
afghanistan,kabul,25
afghanistan,attack,15
afghanistan,taliban,13
afghanistan,say,10
afghanistan,province,9
afghanistan,pakistan,8
afghanistan,city,7
afghanistan,force,7
afghanistan,year,6
afghanistan,war,6
afghanistan,time,5
afghanistan,capital,5
afghanistan,district,5
afghanistan,herat,5
afghanistan,killed,5
afghanistan,official,5
afghanistan,high,4
afghanistan,ghani,4
afghanistan,helmand,4
afghanistan,airstrike,4
afghanistan,talk,4
afghanistan,strategy,4
afghanistan,kandahar,4
afghanistan,government,4
alltheleft,news,9
alltheleft,right,7
alltheleft,bill,7
alltheleft,left,7
alltheleft,state,7
alltheleft,power,6
alltheleft,wealth,6
alltheleft,party,5
alltheleft,revolution,5
alltheleft,america,5
alltheleft,election,5
alltheleft,neutrality,5
alltheleft,union,5
alltheleft,worker,5
alltheleft,democracy,5
alltheleft,u,4
alltheleft,trump,4
alltheleft,democrat,4
alltheleft,yemen,3
alltheleft,deportation,3
alltheleft,speech,3
alltheleft,class,3
alltheleft,like,3
alltheleft,rico,3
alltheleft,inequality,3
AmericanGovernment,news,16
AmericanGovernment,com,8
AmericanGovernment,state,5
AmericanGovernment,government,4
AmericanGovernment,u,4
AmericanGovernment,afghanistan,4
AmericanGovernment,america,4
AmericanGovernment,politics,3
AmericanGovernment,time,3
AmericanGovernment,spending,3
AmericanGovernment,act,3
AmericanGovernment,utah,3
AmericanGovernment,nullification,3
AmericanGovernment,report,3
AmericanGovernment,policy,3
AmericanGovernment,week,2
AmericanGovernment,debt,2
AmericanGovernment,update,2
AmericanGovernment,org,2
AmericanGovernment,ban,2
AmericanGovernment,law,2
AmericanGovernment,beacon,2
AmericanGovernment,vote,2
AmericanGovernment,cyberattack,2
AmericanGovernment,drone,2
americanpirateparty,party,20
americanpirateparty,meeting,5
americanpirateparty,election,5
americanpirateparty,action,4
americanpirateparty,reform,4
americanpirateparty,politics,4
americanpirateparty,com,4
americanpirateparty,platform,4
americanpirateparty,candidate,3
americanpirateparty,debate,3
americanpirateparty,app,3
americanpirateparty,pirate,3
americanpirateparty,law,3
americanpirateparty,manifesto,3
americanpirateparty,vote,3
americanpirateparty,people,3
americanpirateparty,swartz,3
americanpirateparty,state,3
americanpirateparty,campaign,3
americanpirateparty,america,3
americanpirateparty,government,3
americanpirateparty,committee,3
americanpirateparty,discussion,2
americanpirateparty,problem,2
americanpirateparty,right,2
AmericanPolitics,news,21
AmericanPolitics,election,11
AmericanPolitics,law,10
AmericanPolitics,say,9
AmericanPolitics,trump,8
AmericanPolitics,time,8
AmericanPolitics,wire,7
AmericanPolitics,breitbart,7
AmericanPolitics,post,7
AmericanPolitics,plan,7
AmericanPolitics,hedge,6
AmericanPolitics,democrat,6
AmericanPolitics,network,5
AmericanPolitics,clinton,5
AmericanPolitics,report,5
AmericanPolitics,shutdown,5
AmericanPolitics,editorial,4
AmericanPolitics,probe,4
AmericanPolitics,president,4
AmericanPolitics,party,4
AmericanPolitics,politics,4
AmericanPolitics,race,4
AmericanPolitics,power,4
AmericanPolitics,fix,4
AmericanPolitics,obama,4
anarchafeminism,feminism,19
anarchafeminism,woman,14
anarchafeminism,movement,7
anarchafeminism,patriarchy,4
anarchafeminism,goldman,4
anarchafeminism,politics,4
anarchafeminism,question,3
anarchafeminism,worker,3
anarchafeminism,men,3
anarchafeminism,transfeminist,3
anarchafeminism,power,3
anarchafeminism,anarchism,3
anarchafeminism,feminist,3
anarchafeminism,sexism,3
anarchafeminism,issue,2
anarchafeminism,celebrate,2
anarchafeminism,federici,2
anarchafeminism,resistance,2
anarchafeminism,libres,2
anarchafeminism,prison,2
anarchafeminism,saturday,2
anarchafeminism,anarchist,2
anarchafeminism,child,2
anarchafeminism,reading,2
anarchafeminism,collective,2
Anarchism,news,7
Anarchism,capitalism,6
Anarchism,anarchism,6
Anarchism,war,6
Anarchism,state,5
Anarchism,talk,5
Anarchism,fascism,5
Anarchism,afrin,4
Anarchism,design,4
Anarchism,day,4
Anarchism,france,4
Anarchism,rojava,4
Anarchism,school,4
Anarchism,protest,3
Anarchism,violence,3
Anarchism,syria,3
Anarchism,movement,3
Anarchism,help,3
Anarchism,anarchist,3
Anarchism,power,3
Anarchism,show,3
Anarchism,america,3
Anarchism,charge,3
Anarchism,party,3
Anarchism,book,3
Anarchist,student,3
Anarchist,anarchist,3
Anarchist,anarchy,3
Anarchist,capitalism,3
Anarchist,find,3
Anarchist,revolution,2
Anarchist,protester,2
Anarchist,anarchism,2
Anarchist,violence,2
Anarchist,refugee,2
Anarchist,marriage,2
Anarchist,work,2
Anarchist,crime,2
Anarchist,suspect,2
Anarchist,protest,2
Anarchist,medium,2
Anarchist,prison,2
Anarchist,hayek,1
Anarchist,vigilante,1
Anarchist,group,1
Anarchist,chaos,1
Anarchist,science,1
Anarchist,cousin,1
Anarchist,britain,1
Anarchist,terrorist,1
Anarcho_Capitalism,state,6
Anarcho_Capitalism,statism,6
Anarcho_Capitalism,syria,5
Anarcho_Capitalism,tax,5
Anarcho_Capitalism,control,5
Anarcho_Capitalism,gun,5
Anarcho_Capitalism,work,5
Anarcho_Capitalism,ancaps,4
Anarcho_Capitalism,government,4
Anarcho_Capitalism,policy,3
Anarcho_Capitalism,right,3
Anarcho_Capitalism,capitalism,3
Anarcho_Capitalism,property,3
Anarcho_Capitalism,history,3
Anarcho_Capitalism,matter,3
Anarcho_Capitalism,question,3
Anarcho_Capitalism,goldandblack,2
Anarcho_Capitalism,enough,2
Anarcho_Capitalism,circle,2
Anarcho_Capitalism,meme,2
Anarcho_Capitalism,war,2
Anarcho_Capitalism,law,2
Anarcho_Capitalism,shooting,2
Anarcho_Capitalism,problem,2
Anarcho_Capitalism,freedom,2
AnarchoPacifism,pacifism,5
AnarchoPacifism,war,5
AnarchoPacifism,resistance,4
AnarchoPacifism,state,4
AnarchoPacifism,base,3
AnarchoPacifism,movement,3
AnarchoPacifism,tomdispatch,3
AnarchoPacifism,anarchism,2
AnarchoPacifism,anarchist,2
AnarchoPacifism,action,2
AnarchoPacifism,resister,2
AnarchoPacifism,back,2
AnarchoPacifism,economics,2
AnarchoPacifism,yemen,2
AnarchoPacifism,revolution,2
AnarchoPacifism,violence,2
AnarchoPacifism,machine,2
AnarchoPacifism,protest,2
AnarchoPacifism,construction,2
AnarchoPacifism,defense,2
AnarchoPacifism,child,2
AnarchoPacifism,englada,1
AnarchoPacifism,legacy,1
AnarchoPacifism,fair,1
AnarchoPacifism,dinner,1
anonymous,anonymous,21
anonymous,website,11
anonymous,attack,10
anonymous,hacker,10
anonymous,prison,8
anonymous,love,7
anonymous,hacking,5
anonymous,video,4
anonymous,mask,4
anonymous,protection,4
anonymous,internet,4
anonymous,case,4
anonymous,account,4
anonymous,hack,3
anonymous,monsegur,3
anonymous,government,3
anonymous,online,3
anonymous,state,3
anonymous,hacked,3
anonymous,anon,3
anonymous,law,3
anonymous,march,3
anonymous,user,3
anonymous,bank,3
anonymous,free,3
Anticonsumption,consumption,9
Anticonsumption,consumerism,9
Anticonsumption,life,6
Anticonsumption,time,5
Anticonsumption,thing,5
Anticonsumption,need,4
Anticonsumption,hour,3
Anticonsumption,season,3
Anticonsumption,consume,3
Anticonsumption,ad,3
Anticonsumption,year,3
Anticonsumption,stuff,3
Anticonsumption,mall,3
Anticonsumption,bag,2
Anticonsumption,le,2
Anticonsumption,story,2
Anticonsumption,russia,2
Anticonsumption,garbage,2
Anticonsumption,video,2
Anticonsumption,product,2
Anticonsumption,obsolescence,2
Anticonsumption,sign,2
Anticonsumption,society,2
Anticonsumption,book,2
Anticonsumption,question,2
antiwar,war,61
antiwar,syria,25
antiwar,yemen,19
antiwar,korea,13
antiwar,year,10
antiwar,afghanistan,9
antiwar,america,9
antiwar,peace,7
antiwar,deal,7
antiwar,say,7
antiwar,machine,6
antiwar,endlesswar,5
antiwar,law,5
antiwar,empire,5
antiwar,attack,5
antiwar,u,5
antiwar,home,5
antiwar,pentagon,4
antiwar,base,4
antiwar,original,4
antiwar,day,4
antiwar,state,4
antiwar,civilian,4
antiwar,toll,3
antiwar,military,3
Bachmann2012,pledge,2
Bachmann2012,mess,2
Bachmann2012,policy,2
Bachmann2012,staff,1
Bachmann2012,video,1
Bachmann2012,program,1
Bachmann2012,east,1
Bachmann2012,clinic,1
Bachmann2012,²,1
Bachmann2012,stimulus,1
Bachmann2012,cancelled,1
Bachmann2012,florida,1
Bachmann2012,therapist,1
Bachmann2012,union,1
Bachmann2012,deficit,1
Bachmann2012,obamacare,1
Bachmann2012,slavery,1
Bachmann2012,koch,1
Bachmann2012,people,1
Bachmann2012,ceiling,1
Bachmann2012,camp,1
Bachmann2012,homophobia,1
Bachmann2012,record,1
Bachmann2012,dinner,1
Bachmann2012,mantra,1
Bad_Cop_No_Donut,shooting,17
Bad_Cop_No_Donut,say,13
Bad_Cop_No_Donut,death,13
Bad_Cop_No_Donut,police,12
Bad_Cop_No_Donut,officer,11
Bad_Cop_No_Donut,case,8
Bad_Cop_No_Donut,man,7
Bad_Cop_No_Donut,investigation,7
Bad_Cop_No_Donut,time,7
Bad_Cop_No_Donut,gun,7
Bad_Cop_No_Donut,suspect,7
Bad_Cop_No_Donut,force,7
Bad_Cop_No_Donut,charge,7
Bad_Cop_No_Donut,murder,6
Bad_Cop_No_Donut,cop,6
Bad_Cop_No_Donut,car,6
Bad_Cop_No_Donut,job,5
Bad_Cop_No_Donut,inmate,5
Bad_Cop_No_Donut,lawsuit,5
Bad_Cop_No_Donut,sterling,5
Bad_Cop_No_Donut,custody,5
Bad_Cop_No_Donut,violence,5
Bad_Cop_No_Donut,hospital,5
Bad_Cop_No_Donut,arrest,5
Bad_Cop_No_Donut,settlement,5
blackflag,worldanarchism,600
blackflag,news,5
blackflag,strike,5
blackflag,operationpush,5
blackflag,agreement,4
blackflag,brown,3
blackflag,net,3
blackflag,tomorrow,3
blackflag,anarchist,3
blackflag,attack,3
blackflag,defendant,3
blackflag,shooting,3
blackflag,push,3
blackflag,afrin,3
blackflag,trump,3
blackflag,center,3
blackflag,committee,3
blackflag,day,3
blackflag,freedom,2
blackflag,tn,2
blackflag,network,2
blackflag,event,2
blackflag,worldanarchsm,2
blackflag,support,2
blackflag,beyond,2
BlackOps,wikileaks,12
BlackOps,iraq,7
BlackOps,com,5
BlackOps,attack,5
BlackOps,china,4
BlackOps,economy,3
BlackOps,coup,3
BlackOps,agency,3
BlackOps,state,3
BlackOps,show,3
BlackOps,site,3
BlackOps,say,3
BlackOps,warfare,3
BlackOps,propaganda,2
BlackOps,america,2
BlackOps,leader,2
BlackOps,death,2
BlackOps,connection,2
BlackOps,rescue,2
BlackOps,op,2
BlackOps,book,2
BlackOps,youtube,2
BlackOps,spying,2
BlackOps,action,2
BlackOps,activity,2
business,training,2
business,people,1
business,brain,1
business,enough,1
business,island,1
business,projection,1
business,radar,1
business,practice,1
business,break,1
business,certainty,1
business,problem,1
business,algorithm,1
business,trump,1
business,police,1
business,life,1
business,share,1
business,office,1
business,deal,1
business,board,1
business,fold,1
business,china,1
business,like,1
business,level,1
business,payment,1
business,fear,1
Campaigns,campaign,20
Campaigns,election,3
Campaigns,plan,3
Campaigns,office,2
Campaigns,insight,2
Campaigns,user,2
Campaigns,com,2
Campaigns,u,2
Campaigns,service,2
Campaigns,rule,2
Campaigns,recruitment,1
Campaigns,love,1
Campaigns,dam,1
Campaigns,say,1
Campaigns,dd,1
Campaigns,petition,1
Campaigns,father,1
Campaigns,post,1
Campaigns,message,1
Campaigns,pathtovictory,1
Campaigns,credit,1
Campaigns,coupon,1
Campaigns,hair,1
Campaigns,video,1
Campaigns,campaigning,1
canada,news,32
canada,canada,20
canada,say,14
canada,crash,11
canada,star,9
canada,year,7
canada,pipeline,7
canada,ontario,7
canada,report,6
canada,canadian,5
canada,find,4
canada,tragedy,4
canada,takeover,4
canada,victim,4
canada,court,4
canada,national,4
canada,toronto,3
canada,suspended,3
canada,old,3
canada,crisis,3
canada,scam,3
canada,expert,3
canada,country,3
canada,election,3
canada,public,3
Capitalism,capitalism,35
Capitalism,socialism,8
Capitalism,tax,5
Capitalism,business,5
Capitalism,right,5
Capitalism,market,5
Capitalism,hypocrisy,4
Capitalism,latestagecapitalism,4
Capitalism,bitcoin,3
Capitalism,economics,3
Capitalism,property,3
Capitalism,inequality,3
Capitalism,discussion,3
Capitalism,subreddit,3
Capitalism,communism,3
Capitalism,economy,3
Capitalism,news,3
Capitalism,debate,3
Capitalism,loser,3
Capitalism,work,3
Capitalism,wage,3
Capitalism,world,2
Capitalism,today,2
Capitalism,debunked,2
Capitalism,question,2
Cascadia,cascadia,14
Cascadia,flag,9
Cascadia,seattle,8
Cascadia,portland,8
Cascadia,movement,6
Cascadia,protest,6
Cascadia,party,6
Cascadia,election,6
Cascadia,oregon,6
Cascadia,say,6
Cascadia,northwest,5
Cascadia,protester,5
Cascadia,city,4
Cascadia,trump,4
Cascadia,pipeline,4
Cascadia,march,4
Cascadia,time,4
Cascadia,state,4
Cascadia,tribe,4
Cascadia,politics,4
Cascadia,news,4
Cascadia,washington,4
Cascadia,right,4
Cascadia,review,4
Cascadia,campaign,3
censorship,censorship,43
censorship,speech,17
censorship,amendment,13
censorship,medium,11
censorship,news,11
censorship,law,10
censorship,content,8
censorship,youtube,7
censorship,internet,7
censorship,turkey,7
censorship,journalist,7
censorship,website,6
censorship,right,5
censorship,facebook,5
censorship,site,5
censorship,censored,5
censorship,country,4
censorship,crackdown,4
censorship,story,4
censorship,china,4
censorship,result,4
censorship,rule,4
censorship,case,4
censorship,algorithm,4
censorship,video,4
ChangeNow,change,3
ChangeNow,u,2
ChangeNow,net,2
ChangeNow,reform,2
ChangeNow,problem,2
ChangeNow,tzu,1
ChangeNow,campaign,1
ChangeNow,life,1
ChangeNow,changenow,1
ChangeNow,unity,1
ChangeNow,proposition,1
ChangeNow,ahmed,1
ChangeNow,gmt,1
ChangeNow,forever,1
ChangeNow,manifesto,1
ChangeNow,australian,1
ChangeNow,america,1
ChangeNow,subreddit,1
ChangeNow,rolling,1
ChangeNow,peep,1
ChangeNow,eth,1
ChangeNow,contribute,1
ChangeNow,day,1
ChangeNow,fast,1
ChangeNow,reminder,1
chomsky,chomsky,26
chomsky,war,8
chomsky,book,7
chomsky,capitalism,7
chomsky,graeber,5
chomsky,america,5
chomsky,interview,5
chomsky,hedge,5
chomsky,medium,5
chomsky,consent,4
chomsky,syria,4
chomsky,time,4
chomsky,article,3
chomsky,bichler,3
chomsky,cleaver,3
chomsky,education,3
chomsky,street,3
chomsky,neutrality,3
chomsky,nature,3
chomsky,youtube,3
chomsky,policy,3
chomsky,power,3
chomsky,arizona,3
chomsky,left,3
chomsky,crisis,3
climateskeptics,warming,35
climateskeptics,change,22
climateskeptics,science,15
climateskeptics,year,8
climateskeptics,scientist,8
climateskeptics,energy,7
climateskeptics,climate,6
climateskeptics,ice,5
climateskeptics,temperature,5
climateskeptics,future,4
climateskeptics,industry,4
climateskeptics,fraud,4
climateskeptics,model,4
climateskeptics,american,3
climateskeptics,cycle,3
climateskeptics,narrative,3
climateskeptics,nothing,3
climateskeptics,cooling,3
climateskeptics,fuel,3
climateskeptics,century,3
climateskeptics,news,3
climateskeptics,religion,3
climateskeptics,scam,3
climateskeptics,groupthink,3
climateskeptics,planet,3
collapse,collapse,16
collapse,say,8
collapse,u,8
collapse,economy,7
collapse,change,6
collapse,war,6
collapse,warming,6
collapse,state,6
collapse,find,5
collapse,cfn,5
collapse,american,4
collapse,decade,4
collapse,year,4
collapse,ago,4
collapse,civilization,4
collapse,scientist,4
collapse,syria,4
collapse,depression,4
collapse,news,4
collapse,show,4
collapse,attack,4
collapse,study,3
collapse,worse,3
collapse,point,3
collapse,life,3
Communist,struggle,6
Communist,revolution,5
Communist,cuba,4
Communist,capitalism,3
Communist,right,3
Communist,u,3
Communist,movement,3
Communist,communist,3
Communist,xpost,2
Communist,china,2
Communist,venezuela,2
Communist,nepal,2
Communist,party,2
Communist,roaders,2
Communist,japan,2
Communist,president,2
Communist,era,2
Communist,arm,2
Communist,communism,2
Communist,india,2
Communist,peoplesworld,2
Communist,maoist,2
Communist,leftistliterature,2
Communist,thought,1
Communist,economics,1
Conservative,report,13
Conservative,war,8
Conservative,syria,7
Conservative,trump,6
Conservative,say,6
Conservative,law,5
Conservative,conservative,5
Conservative,probe,5
Conservative,court,5
Conservative,speech,5
Conservative,obama,4
Conservative,policy,4
Conservative,congress,4
Conservative,election,4
Conservative,book,4
Conservative,year,4
Conservative,people,4
Conservative,wa,3
Conservative,zuckerberg,3
Conservative,u,3
Conservative,million,3
Conservative,politics,3
Conservative,ballot,3
Conservative,russia,3
Conservative,twitter,3
conservatives,say,17
conservatives,trump,10
conservatives,amendment,8
conservatives,law,6
conservatives,attack,6
conservatives,election,6
conservatives,policy,6
conservatives,news,6
conservatives,border,6
conservatives,house,5
conservatives,control,4
conservatives,america,4
conservatives,shapiro,4
conservatives,bill,4
conservatives,network,4
conservatives,deal,4
conservatives,syria,4
conservatives,book,4
conservatives,report,4
conservatives,people,4
conservatives,liberal,3
conservatives,abortion,3
conservatives,racist,3
conservatives,crime,3
conservatives,woman,3
conspiracy,syria,23
conspiracy,attack,8
conspiracy,news,7
conspiracy,conspiracy,5
conspiracy,war,5
conspiracy,strike,4
conspiracy,youtube,3
conspiracy,israel,3
conspiracy,agenda,3
conspiracy,acallforanuprising,3
conspiracy,trump,3
conspiracy,weapon,3
conspiracy,butler,3
conspiracy,pool,2
conspiracy,dossier,2
conspiracy,rip,2
conspiracy,discussion,2
conspiracy,thing,2
conspiracy,document,2
conspiracy,topic,2
conspiracy,tsunami,2
conspiracy,helmet,2
conspiracy,russian,2
conspiracy,propaganda,2
conspiracy,evidence,2
conspiracyhub,memo,19
conspiracyhub,hoax,7
conspiracyhub,conspiracy,7
conspiracyhub,releasethememo,7
conspiracyhub,investigation,6
conspiracyhub,pizzagate,6
conspiracyhub,election,5
conspiracyhub,cdcfraud,4
conspiracyhub,video,4
conspiracyhub,exposed,4
conspiracyhub,case,4
conspiracyhub,report,4
conspiracyhub,infowars,3
conspiracyhub,mueller,3
conspiracyhub,israel,3
conspiracyhub,campaign,3
conspiracyhub,shooting,3
conspiracyhub,actor,3
conspiracyhub,police,3
conspiracyhub,ebolahoax,3
conspiracyhub,bombing,3
conspiracyhub,released,3
conspiracyhub,fergusonhoax,3
conspiracyhub,hook,3
conspiracyhub,say,3
corruption,corruption,28
corruption,news,14
corruption,charge,9
corruption,case,8
corruption,probe,7
corruption,scandal,5
corruption,russia,5
corruption,money,4
corruption,lawsuit,4
corruption,report,4
corruption,say,4
corruption,investigation,4
corruption,president,3
corruption,company,3
corruption,show,3
corruption,deal,3
corruption,trump,3
corruption,irs,3
corruption,index,3
corruption,safeguard,3
corruption,nigeria,3
corruption,market,3
corruption,meeting,3
corruption,mafia,3
corruption,administration,2
CPAR,politician,2
CPAR,deficit,1
CPAR,initiative,1
CPAR,dream,1
CPAR,action,1
CPAR,irc,1
CPAR,rally,1
CPAR,doooooo,1
CPAR,united,1
CPAR,effort,1
CPAR,purpose,1
CPAR,caller,1
culturalstudies,culture,12
culturalstudies,indiancountry,10
culturalstudies,music,6
culturalstudies,politics,6
culturalstudies,study,6
culturalstudies,punk,5
culturalstudies,right,5
culturalstudies,game,4
culturalstudies,religion,4
culturalstudies,crisis,4
culturalstudies,u,4
culturalstudies,america,4
culturalstudies,era,4
culturalstudies,life,4
culturalstudies,film,4
culturalstudies,analysis,3
culturalstudies,neoliberalism,3
culturalstudies,school,3
culturalstudies,future,3
culturalstudies,art,3
culturalstudies,war,3
culturalstudies,socialism,3
culturalstudies,world,3
culturalstudies,city,3
culturalstudies,society,3
culture,culture,27
culture,art,6
culture,u,4
culture,music,4
culture,appropriation,4
culture,hourly,4
culture,festival,4
culture,tour,3
culture,youtube,3
culture,punjab,3
culture,paris,3
culture,people,3
culture,com,3
culture,story,3
culture,revolution,2
culture,human,2
culture,show,2
culture,apart,2
culture,year,2
culture,race,2
culture,tradition,2
culture,film,2
culture,say,2
culture,medium,2
culture,test,2
debate,debate,16
debate,prediction,15
debate,question,10
debate,pf,9
debate,help,8
debate,camp,8
debate,state,8
debate,prep,6
debate,judge,6
debate,case,6
debate,round,6
debate,congress,6
debate,ld,6
debate,topic,5
debate,time,5
debate,list,5
debate,year,5
debate,debater,5
debate,k,5
debate,tournament,5
debate,meme,4
debate,bid,4
debate,extemp,4
debate,brief,4
debate,circuit,4
democracy,democracy,86
democracy,election,14
democracy,america,7
democracy,news,6
democracy,system,6
democracy,trump,6
democracy,politics,5
democracy,vote,5
democracy,state,4
democracy,convention,3
democracy,republic,3
democracy,year,3
democracy,american,3
democracy,india,3
democracy,voting,3
democracy,opinion,3
democracy,party,3
democracy,speech,3
democracy,debate,3
democracy,deficit,3
democracy,century,3
democracy,district,2
democracy,sortition,2
democracy,say,2
democracy,idea,2
democrats,election,10
democrats,trump,9
democrats,democrat,8
democrats,race,7
democrats,guardian,6
democrats,primary,5
democrats,win,5
democrats,news,4
democrats,mueller,4
democrats,thehill,4
democrats,today,4
democrats,state,4
democrats,com,4
democrats,voter,4
democrats,lose,3
democrats,scandal,3
democrats,government,3
democrats,future,3
democrats,democracy,3
democrats,campaign,3
democrats,bill,3
democrats,fired,3
democrats,affair,3
democrats,time,3
democrats,wave,3
demsocialist,america,10
demsocialist,trump,10
demsocialist,election,9
demsocialist,right,7
demsocialist,revolution,7
demsocialist,socialism,6
demsocialist,movement,6
demsocialist,sander,5
demsocialist,capitalism,5
demsocialist,socialist,5
demsocialist,time,5
demsocialist,party,5
demsocialist,left,5
demsocialist,dsa,5
demsocialist,world,4
demsocialist,win,4
demsocialist,syria,4
demsocialist,home,4
demsocialist,democrat,4
demsocialist,year,4
demsocialist,economy,4
demsocialist,plan,4
demsocialist,international,4
demsocialist,war,4
demsocialist,democracy,4
Economics,economy,16
Economics,tariff,12
Economics,china,9
Economics,growth,8
Economics,crisis,7
Economics,say,7
Economics,america,6
Economics,find,6
Economics,economics,6
Economics,market,6
Economics,job,5
Economics,u,5
Economics,inequality,5
Economics,war,5
Economics,price,5
Economics,globalization,4
Economics,trade,4
Economics,fear,4
Economics,reform,4
Economics,fed,4
Economics,money,4
Economics,wage,4
Economics,white,3
Economics,class,3
Economics,eurozone,3
economics2,rise,17
economics2,kredi,13
economics2,year,12
economics2,report,12
economics2,percent,12
economics2,june,11
economics2,low,10
economics2,month,9
economics2,recovery,9
economics2,august,9
economics2,stock,8
economics2,december,8
economics2,say,7
economics2,february,6
economics2,rich,6
economics2,inflation,6
economics2,recession,6
economics2,april,6
economics2,may,6
economics2,fall,6
economics2,data,6
economics2,growth,5
economics2,state,5
economics2,billion,5
economics2,march,5
EconPapers,economics,13
EconPapers,data,8
EconPapers,perspective,8
EconPapers,thread,7
EconPapers,paper,6
EconPapers,economy,5
EconPapers,crisis,5
EconPapers,evidence,5
EconPapers,country,5
EconPapers,automation,4
EconPapers,development,4
EconPapers,model,3
EconPapers,century,3
EconPapers,behavior,3
EconPapers,trade,3
EconPapers,consumption,3
EconPapers,curve,3
EconPapers,market,3
EconPapers,job,3
EconPapers,theory,3
EconPapers,worker,3
EconPapers,performance,3
EconPapers,policy,3
EconPapers,india,3
EconPapers,risk,3
education,year,3
education,school,3
education,education,3
education,strike,2
education,respond,1
education,paradigm,1
education,authorization,1
education,rebellion,1
education,announced,1
education,drake,1
education,job,1
education,discussion,1
education,walkout,1
education,protested,1
education,testing,1
education,arizona,1
education,news,1
education,enough,1
education,engineering,1
education,kid,1
education,complex,1
education,stamp,1
education,edutopia,1
education,retail,1
education,google,1
egalitarian,men,12
egalitarian,racism,9
egalitarian,woman,9
egalitarian,discrimination,6
egalitarian,marriage,5
egalitarian,right,5
egalitarian,equality,4
egalitarian,year,3
egalitarian,gender,3
egalitarian,parent,3
egalitarian,violence,3
egalitarian,white,3
egalitarian,oppression,3
egalitarian,sex,3
egalitarian,relationship,3
egalitarian,rape,3
egalitarian,hospital,2
egalitarian,child,2
egalitarian,dad,2
egalitarian,policy,2
egalitarian,victim,2
egalitarian,community,2
egalitarian,household,2
egalitarian,way,2
egalitarian,representation,2
Egalitarianism,men,17
Egalitarianism,woman,9
Egalitarianism,feminism,7
Egalitarianism,egalitarianism,6
Egalitarianism,equality,6
Egalitarianism,gap,6
Egalitarianism,rape,6
Egalitarianism,violence,5
Egalitarianism,allegation,5
Egalitarianism,dad,5
Egalitarianism,feminist,4
Egalitarianism,standard,4
Egalitarianism,gender,4
Egalitarianism,inequality,4
Egalitarianism,wrong,4
Egalitarianism,campaign,4
Egalitarianism,law,4
Egalitarianism,egalitarian,3
Egalitarianism,find,3
Egalitarianism,victim,3
Egalitarianism,boy,3
Egalitarianism,epidemic,3
Egalitarianism,raped,3
Egalitarianism,show,3
Egalitarianism,divorce,3
electionreform,voting,43
electionreform,election,41
electionreform,vote,25
electionreform,reform,24
electionreform,system,23
electionreform,gerrymandering,17
electionreform,democracy,11
electionreform,bill,11
electionreform,representation,9
electionreform,u,7
electionreform,news,6
electionreform,primary,6
electionreform,voter,6
electionreform,right,5
electionreform,rule,5
electionreform,congress,5
electionreform,politics,5
electionreform,method,5
electionreform,law,5
electionreform,college,5
electionreform,proposal,5
electionreform,state,4
electionreform,race,4
electionreform,ballot,4
electionreform,choice,4
EndlessWar,syria,61
EndlessWar,war,40
EndlessWar,attack,26
EndlessWar,yemen,14
EndlessWar,say,10
EndlessWar,iran,10
EndlessWar,russia,9
EndlessWar,strike,8
EndlessWar,iraq,8
EndlessWar,force,7
EndlessWar,east,5
EndlessWar,opcw,5
EndlessWar,assad,5
EndlessWar,poisoning,5
EndlessWar,staged,5
EndlessWar,base,5
EndlessWar,terrorist,5
EndlessWar,country,4
EndlessWar,report,4
EndlessWar,johnstone,4
EndlessWar,world,4
EndlessWar,flag,3
EndlessWar,case,3
EndlessWar,afrin,3
EndlessWar,terrorism,3
energy,energy,20
energy,battery,10
energy,project,9
energy,plant,9
energy,grid,8
energy,industry,8
energy,power,7
energy,storage,7
energy,solar,6
energy,system,6
energy,vehicle,5
energy,year,5
energy,reneweconomy,5
energy,say,5
energy,reactor,5
energy,sea,4
energy,renewables,4
energy,report,4
energy,china,4
energy,expansion,4
energy,cut,4
energy,oil,4
energy,change,4
energy,bailout,4
energy,regulation,4
environment,environment,12
environment,change,11
environment,say,10
environment,rule,8
environment,show,7
environment,news,6
environment,pruitt,6
environment,pollution,6
environment,waste,6
environment,ocean,5
environment,pipeline,5
environment,study,5
environment,find,5
environment,warming,4
environment,industry,4
environment,year,4
environment,scientist,4
environment,act,4
environment,standard,4
environment,water,4
environment,whale,4
environment,world,4
environment,plastic,3
environment,office,3
environment,deal,3
environment2,water,5
environment2,spill,4
environment2,change,4
environment2,well,4
environment2,air,4
environment2,american,3
environment2,record,3
environment2,waste,3
environment2,california,3
environment2,warming,3
environment2,coast,3
environment2,gas,2
environment2,sea,2
environment2,review,2
environment2,life,2
environment2,rule,2
environment2,plant,2
environment2,drilling,2
environment2,standard,2
environment2,year,2
environment2,find,2
environment2,pollution,2
environment2,hurdle,2
environment2,rate,2
environment2,say,2
environmental_policy,change,13
environmental_policy,tax,6
environmental_policy,environment,6
environmental_policy,policy,4
environmental_policy,year,3
environmental_policy,scientist,3
environmental_policy,state,3
environmental_policy,epa,3
environmental_policy,goal,3
environmental_policy,planet,3
environmental_policy,area,2
environmental_policy,employee,2
environmental_policy,bill,2
environmental_policy,update,2
environmental_policy,carbon,2
environmental_policy,letter,2
environmental_policy,emission,2
environmental_policy,program,1
environmental_policy,libertarian,1
environmental_policy,recycle,1
environmental_policy,investment,1
environmental_policy,pollution,1
environmental_policy,effort,1
environmental_policy,accept,1
environmental_policy,amas,1
equality,equality,29
equality,woman,11
equality,feminism,6
equality,inequality,5
equality,people,5
equality,society,5
equality,gap,4
equality,right,4
equality,border,4
equality,equal,4
equality,racism,4
equality,reddit,3
equality,video,3
equality,standard,3
equality,pay,3
equality,justice,3
equality,identity,3
equality,discrimination,3
equality,case,3
equality,group,3
equality,community,3
equality,bill,3
equality,nation,3
equality,job,3
equality,men,3
eupolitics,europe,5
eupolitics,union,5
eupolitics,politics,3
eupolitics,election,3
eupolitics,poll,3
eupolitics,eu,3
eupolitics,brussels,3
eupolitics,ukraine,3
eupolitics,say,2
eupolitics,parliament,2
eupolitics,state,2
eupolitics,vote,2
eupolitics,forecast,2
eupolitics,bbc,2
eupolitics,crisis,2
eupolitics,policy,2
eupolitics,time,2
eupolitics,border,2
eupolitics,economy,2
eupolitics,unthinkable,2
eupolitics,talk,2
eupolitics,father,1
eupolitics,test,1
eupolitics,scrutiny,1
eupolitics,right,1
euro,europe,8
euro,euro,6
euro,crisis,4
euro,parliament,4
euro,rom,3
euro,time,3
euro,document,3
euro,year,3
euro,eu,3
euro,reform,3
euro,medium,2
euro,politician,2
euro,denmark,2
euro,green,2
euro,ireland,2
euro,english,2
euro,film,2
euro,court,2
euro,history,2
euro,uk,2
euro,say,2
euro,election,2
euro,model,2
euro,gaza,2
euro,mosque,2
feminism,woman,20
feminism,movement,8
feminism,feminism,6
feminism,feminist,6
feminism,design,5
feminism,metoo,5
feminism,medium,4
feminism,day,4
feminism,health,4
feminism,gap,4
feminism,back,4
feminism,girl,4
feminism,men,4
feminism,strike,4
feminism,industry,3
feminism,india,3
feminism,book,3
feminism,world,3
feminism,law,3
feminism,equality,3
feminism,assault,3
feminism,education,3
feminism,state,3
feminism,work,3
feminism,right,3
feminisms,woman,31
feminisms,violence,10
feminisms,metoo,7
feminisms,news,7
feminisms,harassment,7
feminisms,year,6
feminisms,say,5
feminisms,issue,5
feminisms,right,5
feminisms,movement,5
feminisms,abuse,4
feminisms,time,4
feminisms,assault,4
feminisms,misogyny,4
feminisms,feminism,4
feminisms,story,3
feminisms,medium,3
feminisms,history,3
feminisms,workplace,3
feminisms,men,3
feminisms,mexico,3
feminisms,india,3
feminisms,feminist,3
feminisms,work,3
feminisms,vote,3
firstamendment,amendment,75
firstamendment,speech,33
firstamendment,right,21
firstamendment,case,14
firstamendment,court,9
firstamendment,freedom,8
firstamendment,lawsuit,7
firstamendment,com,7
firstamendment,law,7
firstamendment,protection,7
firstamendment,say,7
firstamendment,act,6
firstamendment,unconstitutional,5
firstamendment,campus,5
firstamendment,prayer,4
firstamendment,suit,4
firstamendment,medium,4
firstamendment,violation,4
firstamendment,hypocrisy,4
firstamendment,shirt,4
firstamendment,debate,3
firstamendment,facebook,3
firstamendment,techdirt,3
firstamendment,crime,3
firstamendment,question,3
food2,food,28
food2,farm,7
food2,farming,6
food2,vegetable,5
food2,local,4
food2,gmos,4
food2,organic,4
food2,farmer,4
food2,com,4
food2,video,4
food2,restaurant,3
food2,bittman,3
food2,produce,3
food2,world,3
food2,health,3
food2,vegan,3
food2,product,3
food2,npr,3
food2,market,3
food2,find,3
food2,recipe,3
food2,home,3
food2,nyt,2
food2,trial,2
food2,back,2
Foodforthought,america,10
Foodforthought,right,6
Foodforthought,life,6
Foodforthought,trump,6
Foodforthought,world,5
Foodforthought,time,5
Foodforthought,crisis,5
Foodforthought,family,4
Foodforthought,history,4
Foodforthought,u,4
Foodforthought,war,4
Foodforthought,guardian,4
Foodforthought,politics,3
Foodforthought,news,3
Foodforthought,end,3
Foodforthought,gun,3
Foodforthought,shooting,3
Foodforthought,despair,3
Foodforthought,country,3
Foodforthought,online,3
Foodforthought,say,3
Foodforthought,story,3
Foodforthought,die,3
Foodforthought,dilemma,3
Foodforthought,democracy,3
FoodSovereignty,food,15
FoodSovereignty,farm,13
FoodSovereignty,system,11
FoodSovereignty,agriculture,9
FoodSovereignty,sovereignty,8
FoodSovereignty,world,7
FoodSovereignty,right,7
FoodSovereignty,security,7
FoodSovereignty,soil,6
FoodSovereignty,farmer,6
FoodSovereignty,farming,5
FoodSovereignty,water,5
FoodSovereignty,law,5
FoodSovereignty,land,5
FoodSovereignty,problem,4
FoodSovereignty,production,4
FoodSovereignty,corporation,3
FoodSovereignty,future,3
FoodSovereignty,label,3
FoodSovereignty,bee,3
FoodSovereignty,seed,3
FoodSovereignty,justice,3
FoodSovereignty,movement,3
FoodSovereignty,community,3
FoodSovereignty,want,3
Freethought,atheist,8
Freethought,people,7
Freethought,america,6
Freethought,world,6
Freethought,school,6
Freethought,god,6
Freethought,right,5
Freethought,find,4
Freethought,religious,4
Freethought,religion,4
Freethought,medium,4
Freethought,explained,3
Freethought,disaster,3
Freethought,back,3
Freethought,war,3
Freethought,republican,3
Freethought,christian,3
Freethought,thought,3
Freethought,atheism,3
Freethought,lie,3
Freethought,health,3
Freethought,policy,3
Freethought,group,3
Freethought,claim,3
Freethought,order,3
GaryJohnson,johnson,26
GaryJohnson,election,14
GaryJohnson,president,10
GaryJohnson,party,9
GaryJohnson,voting,9
GaryJohnson,gary,8
GaryJohnson,rally,7
GaryJohnson,clinton,7
GaryJohnson,trump,7
GaryJohnson,vote,7
GaryJohnson,libertarian,7
GaryJohnson,debate,7
GaryJohnson,libertarianpartyusa,6
GaryJohnson,state,6
GaryJohnson,weld,5
GaryJohnson,candidate,5
GaryJohnson,poll,5
GaryJohnson,voter,5
GaryJohnson,supporter,3
GaryJohnson,tomorrow,3
GaryJohnson,win,3
GaryJohnson,presidency,3
GaryJohnson,pennsylvania,3
GaryJohnson,p,3
GaryJohnson,tonight,3
GenderEgalitarian,culture,5
GenderEgalitarian,issue,5
GenderEgalitarian,woman,4
GenderEgalitarian,feminism,4
GenderEgalitarian,feminist,3
GenderEgalitarian,politics,2
GenderEgalitarian,marriage,2
GenderEgalitarian,egalitarianism,2
GenderEgalitarian,work,2
GenderEgalitarian,hiring,2
GenderEgalitarian,men,2
GenderEgalitarian,girl,2
GenderEgalitarian,grade,2
GenderEgalitarian,child,2
GenderEgalitarian,rape,2
GenderEgalitarian,gap,2
GenderEgalitarian,porn,2
GenderEgalitarian,new,1
GenderEgalitarian,dining,1
GenderEgalitarian,killed,1
GenderEgalitarian,cnn,1
GenderEgalitarian,lesson,1
GenderEgalitarian,opposite,1
GenderEgalitarian,whipping,1
GenderEgalitarian,boob,1
Good_Cop_Free_Donut,cop,12
Good_Cop_Free_Donut,viral,11
Good_Cop_Free_Donut,car,11
Good_Cop_Free_Donut,life,11
Good_Cop_Free_Donut,officer,10
Good_Cop_Free_Donut,home,10
Good_Cop_Free_Donut,kid,9
Good_Cop_Free_Donut,man,6
Good_Cop_Free_Donut,need,6
Good_Cop_Free_Donut,police,6
Good_Cop_Free_Donut,woman,6
Good_Cop_Free_Donut,day,6
Good_Cop_Free_Donut,department,5
Good_Cop_Free_Donut,suspect,5
Good_Cop_Free_Donut,upliftingnews,5
Good_Cop_Free_Donut,baby,4
Good_Cop_Free_Donut,stop,4
Good_Cop_Free_Donut,family,4
Good_Cop_Free_Donut,rescue,4
Good_Cop_Free_Donut,com,4
Good_Cop_Free_Donut,citizen,4
Good_Cop_Free_Donut,video,4
Good_Cop_Free_Donut,road,4
Good_Cop_Free_Donut,owl,4
Good_Cop_Free_Donut,boy,4
government,com,14
government,congress,8
government,government,8
government,bill,7
government,state,6
government,law,6
government,program,5
government,cut,5
government,operation,5
government,forbes,4
government,say,4
government,post,4
government,tax,4
government,department,3
government,service,3
government,shutdown,3
government,firm,3
government,record,3
government,u,3
government,cispa,3
government,case,3
government,news,3
government,senate,3
government,question,3
government,house,3
GreenParty,party,9
GreenParty,election,9
GreenParty,maryland,7
GreenParty,year,5
GreenParty,trillion,5
GreenParty,hedge,5
GreenParty,law,5
GreenParty,pipeline,5
GreenParty,system,5
GreenParty,change,4
GreenParty,bill,4
GreenParty,u,3
GreenParty,movement,3
GreenParty,war,3
GreenParty,canada,3
GreenParty,yemen,3
GreenParty,people,3
GreenParty,news,3
GreenParty,problem,3
GreenParty,crisis,3
GreenParty,fuel,3
GreenParty,right,3
GreenParty,capitalism,3
GreenParty,ballot,3
GreenParty,fight,3
HackBloc,anarcho_hackers,44
HackBloc,anarchism,6
HackBloc,network,6
HackBloc,hacker,4
HackBloc,data,4
HackBloc,hack,4
HackBloc,computer,4
HackBloc,tor,4
HackBloc,war,3
HackBloc,world,3
HackBloc,sentence,3
HackBloc,nsa,3
HackBloc,greenwald,3
HackBloc,anonymity,3
HackBloc,wikileaks,3
HackBloc,standard,2
HackBloc,collective,2
HackBloc,home,2
HackBloc,account,2
HackBloc,platform,2
HackBloc,politics,2
HackBloc,life,2
HackBloc,say,2
HackBloc,secret,2
HackBloc,trust,2
history,war,13
history,history,11
history,book,3
history,century,3
history,stalingrad,3
history,empire,3
history,revolution,3
history,question,3
history,age,3
history,wwii,3
history,general,2
history,religion,2
history,egypt,2
history,recommendation,2
history,civilization,2
history,russia,2
history,vietnam,2
history,crusade,2
history,germany,2
history,anything,2
history,power,2
history,navy,2
history,help,2
history,wall,2
history,start,2
humanrights,right,15
humanrights,report,11
humanrights,say,10
humanrights,prison,10
humanrights,yemen,10
humanrights,activist,10
humanrights,news,7
humanrights,refugee,7
humanrights,law,7
humanrights,child,7
humanrights,crackdown,6
humanrights,abuse,5
humanrights,china,5
humanrights,jail,5
humanrights,labor,4
humanrights,state,4
humanrights,group,4
humanrights,turkey,4
humanrights,civilian,4
humanrights,protester,4
humanrights,sudan,4
humanrights,sentence,3
humanrights,charge,3
humanrights,war,3
humanrights,border,3
huntsman,imo,1
huntsman,daughter,1
huntsman2012,huntsman,2
huntsman2012,student,1
huntsman2012,lakeland,1
huntsman2012,diplomat,1
india,india,27
india,case,10
india,modi,7
india,report,6
india,government,6
india,rape,5
india,wire,5
india,film,4
india,court,4
india,time,4
india,hand,4
india,kerala,3
india,gold,3
india,express,3
india,source,3
india,ambedkar,3
india,crisis,3
india,asifa,3
india,leader,3
india,news,3
india,delhi,3
india,china,3
india,life,3
india,youtube,2
india,day,2
infograffiti,subtitle,3
infograffiti,video,2
infograffiti,infograffiti,2
infograffiti,poll,2
infograffiti,strip,1
infograffiti,short,1
infograffiti,lie,1
infograffiti,language,1
infograffiti,com,1
infograffiti,possession,1
infograffiti,anarchy,1
infograffiti,learned,1
infograffiti,permaculture,1
infograffiti,appeal,1
infograffiti,suggest,1
infograffiti,marijuana,1
infograffiti,channel,1
infograffiti,sharing,1
infograffiti,warm,1
infograffiti,debunk,1
infograffiti,dot,1
infograffiti,power,1
infograffiti,asia,1
infograffiti,change,1
infograffiti,system,1
Intelligence,say,14
Intelligence,attack,9
Intelligence,intelligence,8
Intelligence,spy,8
Intelligence,spying,7
Intelligence,russia,7
Intelligence,report,6
Intelligence,source,6
Intelligence,korea,5
Intelligence,news,5
Intelligence,network,5
Intelligence,agency,5
Intelligence,journal,5
Intelligence,program,5
Intelligence,war,5
Intelligence,espionage,5
Intelligence,case,4
Intelligence,trump,4
Intelligence,cia,4
Intelligence,government,4
Intelligence,system,4
Intelligence,missile,4
Intelligence,u,4
Intelligence,document,4
Intelligence,iran,4
ipr,lawsuit,2
ipr,patent,2
ipr,curriculum,1
ipr,india,1
ipr,act,1
ipr,bounty,1
ipr,git,1
ipr,disorder,1
ipr,caricature,1
ipr,employment,1
ipr,call,1
ipr,stand,1
ipr,discussion,1
ipr,th,1
ipr,fo,1
ipr,challenge,1
ipr,scarcity,1
ipr,course,1
ipr,china,1
ipr,type,1
ipr,civilization,1
ipr,settlement,1
ipr,help,1
ipr,work,1
ipr,system,1
iran,iran,61
iran,hijab,9
iran,isfahan,8
iran,tehran,8
iran,protest,8
iran,day,6
iran,year,6
iran,regime,5
iran,today,4
iran,law,4
iran,question,4
iran,citizen,3
iran,shortage,3
iran,worker,3
iran,rouhani,3
iran,woman,3
iran,group,3
iran,arrested,3
iran,conference,3
iran,police,3
iran,music,3
iran,nowruz,3
iran,government,3
iran,farmer,3
iran,syria,3
Israel,israel,34
Israel,protest,18
Israel,gaza,14
Israel,news,12
Israel,border,9
Israel,syria,8
Israel,ª,8
Israel,jerusalem,8
Israel,fence,7
Israel,question,6
Israel,conflict,6
Israel,idf,5
Israel,jew,5
Israel,deal,5
Israel,netanyahu,5
Israel,strip,4
Israel,palestinian,4
Israel,iran,4
Israel,passover,4
Israel,terrorist,4
Israel,war,3
Israel,irl,3
Israel,policy,3
Israel,child,3
Israel,idea,3
IWW,talk,88
IWW,iww,32
IWW,org,31
IWW,strike,22
IWW,union,10
IWW,worker,9
IWW,world,8
IWW,committee,7
IWW,syndicalist,6
IWW,wobbly,6
IWW,news,5
IWW,scotland,5
IWW,nwlaborpress,5
IWW,member,5
IWW,dorset,4
IWW,campaign,4
IWW,movement,4
IWW,labor,4
IWW,protest,4
IWW,workplace,3
IWW,archive,3
IWW,story,3
IWW,history,3
IWW,report,3
IWW,organizer,3
Kucinich,kucinich,13
Kucinich,investigation,5
Kucinich,campaign,5
Kucinich,hearing,3
Kucinich,bailout,3
Kucinich,primary,3
Kucinich,bill,3
Kucinich,away,3
Kucinich,house,3
Kucinich,surge,3
Kucinich,dk,2
Kucinich,twitter,2
Kucinich,debate,2
Kucinich,help,2
Kucinich,ed,2
Kucinich,kaptur,2
Kucinich,amendment,2
Kucinich,general,2
Kucinich,election,2
Kucinich,war,2
Kucinich,journal,2
Kucinich,fox,2
Kucinich,conference,2
Kucinich,reform,2
Kucinich,agenda,2
labor,strike,31
labor,union,29
labor,worker,21
labor,unionize,16
labor,wage,13
labor,news,10
labor,work,7
labor,employee,7
labor,right,6
labor,day,6
labor,say,6
labor,labor,6
labor,law,5
labor,protection,5
labor,job,5
labor,nwlaborpress,5
labor,vote,5
labor,america,5
labor,week,5
labor,election,5
labor,world,4
labor,contract,4
labor,virginia,4
labor,education,4
labor,newsguild,4
law,case,13
law,court,11
law,law,9
law,say,9
law,rule,8
law,trial,6
law,amendment,6
law,trump,5
law,investigation,5
law,unconstitutional,4
law,post,4
law,murder,4
law,lawsuit,4
law,crime,4
law,judge,4
law,ban,4
law,map,4
law,prison,4
law,old,3
law,year,3
law,fight,3
law,sue,3
law,question,3
law,police,3
law,office,3
lgbt,people,9
lgbt,help,7
lgbt,gay,7
lgbt,lgbt,6
lgbt,bisexual,5
lgbt,say,4
lgbt,community,4
lgbt,bi,4
lgbt,outcry,4
lgbt,therapy,4
lgbt,pls,3
lgbt,crush,3
lgbt,gender,3
lgbt,boy,3
lgbt,happy,3
lgbt,triumph,3
lgbt,ban,3
lgbt,teen,3
lgbt,world,2
lgbt,male,2
lgbt,hrt,2
lgbt,post,2
lgbt,child,2
lgbt,couple,2
lgbt,rica,2
LGBTnews,people,17
LGBTnews,right,16
LGBTnews,ban,13
LGBTnews,bill,11
LGBTnews,couple,11
LGBTnews,community,8
LGBTnews,marriage,8
LGBTnews,discrimination,7
LGBTnews,parade,7
LGBTnews,therapy,7
LGBTnews,policy,7
LGBTnews,case,6
LGBTnews,year,6
LGBTnews,law,6
LGBTnews,say,5
LGBTnews,gay,5
LGBTnews,sex,5
LGBTnews,find,5
LGBTnews,group,5
LGBTnews,equality,4
LGBTnews,way,4
LGBTnews,help,4
LGBTnews,flag,4
LGBTnews,youth,4
LGBTnews,attack,4
Liberal,trump,11
Liberal,news,7
Liberal,election,6
Liberal,shooting,5
Liberal,group,4
Liberal,week,4
Liberal,right,4
Liberal,house,4
Liberal,office,4
Liberal,bill,3
Liberal,u,3
Liberal,time,3
Liberal,worker,3
Liberal,guardian,3
Liberal,silent,3
Liberal,act,3
Liberal,democracy,3
Liberal,mueller,3
Liberal,america,3
Liberal,today,3
Liberal,primary,3
Liberal,attack,3
Liberal,year,3
Liberal,medium,3
Liberal,politics,3
Libertarian,syria,14
Libertarian,war,8
Libertarian,state,6
Libertarian,gun,6
Libertarian,policy,4
Libertarian,right,4
Libertarian,u,4
Libertarian,marijuana,4
Libertarian,people,4
Libertarian,libertarian,4
Libertarian,government,4
Libertarian,lol,4
Libertarian,vote,4
Libertarian,facebook,3
Libertarian,community,3
Libertarian,breitbart,3
Libertarian,today,3
Libertarian,crime,3
Libertarian,ripoff,3
Libertarian,ryan,2
Libertarian,future,2
Libertarian,thing,2
Libertarian,money,2
Libertarian,identity,2
Libertarian,problem,2
LibertarianLeft,capitalism,13
LibertarianLeft,economy,10
LibertarianLeft,libertarianism,8
LibertarianLeft,state,7
LibertarianLeft,libertarian,5
LibertarianLeft,movement,5
LibertarianLeft,chomsky,5
LibertarianLeft,left,5
LibertarianLeft,anarchism,5
LibertarianLeft,com,4
LibertarianLeft,politics,4
LibertarianLeft,graeber,4
LibertarianLeft,student,4
LibertarianLeft,democracy,4
LibertarianLeft,system,4
LibertarianLeft,cooperative,4
LibertarianLeft,socialism,4
LibertarianLeft,penalty,3
LibertarianLeft,worldanarchism,3
LibertarianLeft,law,3
LibertarianLeft,market,3
LibertarianLeft,anarchist,3
LibertarianLeft,resistance,3
LibertarianLeft,liberty,3
LibertarianLeft,socialist,3
LibertarianSocialism,worldanarchism,23
LibertarianSocialism,socialism,13
LibertarianSocialism,graeber,11
LibertarianSocialism,economy,11
LibertarianSocialism,movement,10
LibertarianSocialism,anarchism,9
LibertarianSocialism,capitalism,7
LibertarianSocialism,state,6
LibertarianSocialism,kurdistan,5
LibertarianSocialism,revolution,5
LibertarianSocialism,question,5
LibertarianSocialism,control,5
LibertarianSocialism,ecology,4
LibertarianSocialism,socialist,4
LibertarianSocialism,bookchin,4
LibertarianSocialism,strike,4
LibertarianSocialism,chomsky,4
LibertarianSocialism,work,4
LibertarianSocialism,democracy,4
LibertarianSocialism,reader,4
LibertarianSocialism,common,4
LibertarianSocialism,cooperative,4
LibertarianSocialism,rojava,4
LibertarianSocialism,power,4
LibertarianSocialism,libertarianism,4
Liberty,liberty,11
Liberty,state,8
Liberty,law,7
Liberty,youtube,6
Liberty,people,5
Liberty,man,5
Liberty,problem,5
Liberty,right,4
Liberty,america,4
Liberty,gun,4
Liberty,policy,3
Liberty,back,3
Liberty,center,3
Liberty,silver,3
Liberty,speech,3
Liberty,constitution,3
Liberty,tyranny,3
Liberty,election,3
Liberty,medium,3
Liberty,surveillance,3
Liberty,podcast,3
Liberty,game,2
Liberty,libertarian,2
Liberty,freedom,2
Liberty,vote,2
Libya,libya,66
Libya,tripoli,14
Libya,gaddafi,9
Libya,government,8
Libya,benghazi,7
Libya,sirte,6
Libya,war,6
Libya,killed,4
Libya,com,4
Libya,news,4
Libya,east,4
Libya,base,3
Libya,victory,3
Libya,place,3
Libya,oil,3
Libya,øª,2
Libya,invasion,2
Libya,rogue,2
Libya,away,2
Libya,loom,2
Libya,king,2
Libya,deafening,2
Libya,violence,2
Libya,libia,2
Libya,say,2
Marxism,marxism,14
Marxism,cleaver,11
Marxism,capitalism,9
Marxism,revolution,8
Marxism,angelis,8
Marxism,marx,8
Marxism,org,7
Marxism,tube,6
Marxism,economy,5
Marxism,materialism,5
Marxism,value,5
Marxism,neoliberalism,5
Marxism,world,5
Marxism,state,5
Marxism,heinrich,4
Marxism,smith,4
Marxism,production,4
Marxism,linebaugh,4
Marxism,society,4
Marxism,theory,4
Marxism,party,4
Marxism,struggle,4
Marxism,anderson,3
Marxism,problem,3
Marxism,archive,3
media,medium,27
media,news,13
media,russia,7
media,story,6
media,say,6
media,journalism,5
media,agent,5
media,report,5
media,censorship,5
media,election,5
media,journalist,4
media,interview,4
media,facebook,4
media,war,4
media,syria,4
media,unionize,4
media,khan,4
media,case,3
media,online,3
media,democracy,3
media,russiagate,3
media,bacevich,3
media,country,3
media,layoff,3
media,com,3
MensRights,men,13
MensRights,woman,11
MensRights,gap,10
MensRights,circumcision,7
MensRights,boy,6
MensRights,court,5
MensRights,right,4
MensRights,time,4
MensRights,victim,4
MensRights,year,4
MensRights,show,4
MensRights,say,4
MensRights,masculinity,4
MensRights,school,3
MensRights,month,3
MensRights,hair,3
MensRights,privilege,3
MensRights,support,3
MensRights,debate,3
MensRights,campus,3
MensRights,child,3
MensRights,divorce,3
MensRights,rape,3
MensRights,die,3
MensRights,male,3
MiddleEastNews,time,20
MiddleEastNews,syria,15
MiddleEastNews,east,14
MiddleEastNews,say,11
MiddleEastNews,yemen,9
MiddleEastNews,news,8
MiddleEastNews,aleppo,8
MiddleEastNews,attack,7
MiddleEastNews,report,6
MiddleEastNews,turkey,6
MiddleEastNews,deal,6
MiddleEastNews,protest,5
MiddleEastNews,iraq,5
MiddleEastNews,year,4
MiddleEastNews,israel,4
MiddleEastNews,arabia,4
MiddleEastNews,tie,4
MiddleEastNews,egypt,4
MiddleEastNews,palestinian,4
MiddleEastNews,war,4
MiddleEastNews,iran,4
MiddleEastNews,mosul,4
MiddleEastNews,dead,3
MiddleEastNews,official,3
MiddleEastNews,city,3
MideastPeace,syria,22
MideastPeace,israel,19
MideastPeace,gaza,11
MideastPeace,peace,9
MideastPeace,iran,9
MideastPeace,war,8
MideastPeace,conflict,8
MideastPeace,bid,8
MideastPeace,east,6
MideastPeace,palestinian,6
MideastPeace,region,6
MideastPeace,jerusalem,5
MideastPeace,border,5
MideastPeace,say,5
MideastPeace,settlement,5
MideastPeace,talk,5
MideastPeace,protest,4
MideastPeace,assad,4
MideastPeace,violence,4
MideastPeace,reuters,4
MideastPeace,solution,4
MideastPeace,libya,4
MideastPeace,attack,4
MideastPeace,palestine,4
MideastPeace,statehood,4
moderatepolitics,trump,12
moderatepolitics,say,11
moderatepolitics,news,11
moderatepolitics,election,9
moderatepolitics,politics,8
moderatepolitics,report,8
moderatepolitics,law,7
moderatepolitics,probe,7
moderatepolitics,investigation,6
moderatepolitics,official,6
moderatepolitics,mueller,6
moderatepolitics,immigrant,5
moderatepolitics,race,5
moderatepolitics,america,5
moderatepolitics,npr,5
moderatepolitics,claim,5
moderatepolitics,medium,5
moderatepolitics,deal,5
moderatepolitics,fbi,5
moderatepolitics,text,4
moderatepolitics,democracy,4
moderatepolitics,year,4
moderatepolitics,house,4
moderatepolitics,leak,4
moderatepolitics,bill,4
neoprogs,youtube,17
neoprogs,nation,8
neoprogs,party,6
neoprogs,progressive,5
neoprogs,com,5
neoprogs,job,4
neoprogs,clinton,4
neoprogs,movement,4
neoprogs,post,3
neoprogs,law,3
neoprogs,wisconsin,3
neoprogs,myth,3
neoprogs,america,3
neoprogs,world,3
neoprogs,petition,3
neoprogs,blog,3
neoprogs,jones,3
neoprogs,time,3
neoprogs,protest,2
neoprogs,war,2
neoprogs,class,2
neoprogs,fight,2
neoprogs,killed,2
neoprogs,watch,2
neoprogs,muslim,2
new_right,border,14
new_right,syria,12
new_right,say,9
new_right,party,6
new_right,china,6
new_right,history,5
new_right,trump,5
new_right,war,5
new_right,attack,4
new_right,time,4
new_right,victim,4
new_right,strike,4
new_right,case,4
new_right,right,4
new_right,america,3
new_right,speech,3
new_right,assad,3
new_right,nationalism,3
new_right,immigration,3
new_right,racism,3
new_right,problem,3
new_right,california,3
new_right,diversity,3
new_right,police,3
new_right,country,3
news,say,11
news,attack,2
news,week,2
news,news,2
news,restaurant,2
news,lot,2
news,source,2
news,call,2
news,case,2
news,official,2
news,alike,2
news,day,2
news,collapse,2
news,company,2
news,district,1
news,lapd,1
news,overdose,1
news,exorcism,1
news,station,1
news,area,1
news,prison,1
news,knife,1
news,work,1
news,instructor,1
news,boy,1
NewsPorn,reuters,8
NewsPorn,ap,7
NewsPorn,afp,3
NewsPorn,single,2
NewsPorn,image,2
NewsPorn,syria,1
NewsPorn,france,1
NewsPorn,duvignau,1
NewsPorn,zmeyev,1
NewsPorn,attempt,1
NewsPorn,tankh,1
NewsPorn,mcdermid,1
NewsPorn,jazeera,1
NewsPorn,irene,1
NewsPorn,balilty,1
NewsPorn,embassy,1
NewsPorn,press,1
NewsPorn,bimmer,1
NewsPorn,nsfw,1
NewsPorn,latham,1
NewsPorn,evacuation,1
NewsPorn,man,1
NewsPorn,story,1
NewsPorn,time,1
NewsPorn,sadeq,1
newt2012,obama,2
newt2012,job,1
newt2012,salvador,1
newt2012,convention,1
newt2012,math,1
newt2012,lol,1
newt2012,shirt,1
newt2012,campaign,1
newt2012,conservative,1
newt2012,com,1
newt2012,coalition,1
newt2012,fact,1
newt2012,conference,1
newt2012,cnn,1
newt2012,span,1
newt2012,msnbc,1
newt2012,sunday,1
newt2012,station,1
newt2012,susteren,1
newt2012,love,1
newt2012,continues,1
newt2012,younger,1
newt2012,drilling,1
newt2012,wilmington,1
newt2012,forum,1
obama,obama,35
obama,trump,19
obama,president,12
obama,speech,9
obama,presidency,9
obama,house,8
obama,legacy,7
obama,day,7
obama,portrait,6
obama,office,6
obama,photo,6
obama,news,6
obama,election,6
obama,birthday,5
obama,virginia,5
obama,game,5
obama,obamacare,5
obama,say,4
obama,island,4
obama,deal,4
obama,obamas,4
obama,shooting,4
obama,week,4
obama,visit,3
obama,right,3
Objectivism,objectivism,18
Objectivism,rand,12
Objectivism,brook,7
Objectivism,socialism,5
Objectivism,trump,5
Objectivism,maze,5
Objectivism,fountainhead,5
Objectivism,shrugged,4
Objectivism,philosophy,4
Objectivism,interview,4
Objectivism,right,4
Objectivism,policy,3
Objectivism,question,3
Objectivism,thread,3
Objectivism,thanksgiving,3
Objectivism,institute,3
Objectivism,selfishness,3
Objectivism,libertarianism,3
Objectivism,youtube,3
Objectivism,capitalism,3
Objectivism,podcast,3
Objectivism,video,3
Objectivism,today,3
Objectivism,idea,3
Objectivism,law,3
occupywallstreet,rich,8
occupywallstreet,america,7
occupywallstreet,administration,7
occupywallstreet,plan,6
occupywallstreet,u,6
occupywallstreet,worker,6
occupywallstreet,company,5
occupywallstreet,neutrality,5
occupywallstreet,wealth,5
occupywallstreet,world,5
occupywallstreet,law,5
occupywallstreet,trump,4
occupywallstreet,wage,4
occupywallstreet,people,4
occupywallstreet,site,4
occupywallstreet,day,4
occupywallstreet,country,4
occupywallstreet,city,4
occupywallstreet,state,4
occupywallstreet,class,4
occupywallstreet,protester,4
occupywallstreet,poor,4
occupywallstreet,inequality,4
occupywallstreet,chapotraphouse,3
occupywallstreet,sander,3
OperationGrabAss,tsa,25
OperationGrabAss,airport,24
OperationGrabAss,scanner,16
OperationGrabAss,com,9
OperationGrabAss,checkpoint,9
OperationGrabAss,flight,9
OperationGrabAss,year,8
OperationGrabAss,passenger,7
OperationGrabAss,say,7
OperationGrabAss,search,6
OperationGrabAss,program,6
OperationGrabAss,security,6
OperationGrabAss,list,5
OperationGrabAss,line,5
OperationGrabAss,station,5
OperationGrabAss,screener,4
OperationGrabAss,gun,4
OperationGrabAss,trip,4
OperationGrabAss,luggage,4
OperationGrabAss,victim,3
OperationGrabAss,lax,3
OperationGrabAss,threat,3
OperationGrabAss,terrorism,3
OperationGrabAss,officer,3
OperationGrabAss,agent,3
pakistan,pakistan,44
pakistan,tribune,13
pakistan,karachi,12
pakistan,islamabad,8
pakistan,com,6
pakistan,today,5
pakistan,day,5
pakistan,punjab,5
pakistan,kashmir,4
pakistan,attack,4
pakistan,abbasi,4
pakistan,lahore,4
pakistan,student,4
pakistan,malala,3
pakistan,case,3
pakistan,official,3
pakistan,justice,3
pakistan,chief,3
pakistan,pti,3
pakistan,fata,3
pakistan,force,3
pakistan,quetta,3
pakistan,balochistan,3
pakistan,tomorrow,3
pakistan,khan,3
Palestine,palestine,24
Palestine,israel,22
Palestine,palestinian,18
Palestine,bank,16
Palestine,jerusalem,13
Palestine,gaza,13
Palestine,friday,13
Palestine,tamimi,9
Palestine,occupation,7
Palestine,settlement,7
Palestine,bd,6
Palestine,right,5
Palestine,hamas,5
Palestine,peace,4
Palestine,move,4
Palestine,news,4
Palestine,cause,4
Palestine,boycott,4
Palestine,world,4
Palestine,strip,4
Palestine,history,4
Palestine,narrative,3
Palestine,teen,3
Palestine,refugee,3
Palestine,soldier,3
PalinProblem,palin,36
PalinProblem,alaska,6
PalinProblem,com,5
PalinProblem,show,5
PalinProblem,convention,4
PalinProblem,church,4
PalinProblem,race,4
PalinProblem,right,4
PalinProblem,history,3
PalinProblem,child,3
PalinProblem,speech,3
PalinProblem,question,3
PalinProblem,muslim,3
PalinProblem,wasilla,3
PalinProblem,flag,3
PalinProblem,obama,3
PalinProblem,myth,2
PalinProblem,state,2
PalinProblem,rose,2
PalinProblem,primary,2
PalinProblem,star,2
PalinProblem,america,2
PalinProblem,parenting,2
PalinProblem,bed,2
PalinProblem,fee,2
peace,peace,39
peace,war,9
peace,prize,7
peace,world,6
peace,life,6
peace,violence,6
peace,day,6
peace,news,5
peace,endlesswar,4
peace,syria,4
peace,talk,4
peace,nonviolence,4
peace,book,3
peace,policy,3
peace,place,3
peace,opinion,3
peace,youtube,2
peace,forgive,2
peace,right,2
peace,freedom,2
peace,video,2
peace,pacifism,2
peace,action,2
peace,movement,2
peace,future,2
peoplesparty,simulation,1
peoplesparty,u,1
peoplesparty,survey,1
Permaculture,permaculture,8
Permaculture,tree,7
Permaculture,question,7
Permaculture,forest,5
Permaculture,world,5
Permaculture,water,5
Permaculture,plant,4
Permaculture,nursery,4
Permaculture,stronger,4
Permaculture,future,4
Permaculture,project,4
Permaculture,design,4
Permaculture,compost,4
Permaculture,soil,4
Permaculture,garden,4
Permaculture,seed,4
Permaculture,system,4
Permaculture,farm,4
Permaculture,homestead,4
Permaculture,change,3
Permaculture,farmer,3
Permaculture,farming,3
Permaculture,guide,3
Permaculture,pollution,3
Permaculture,chicken,3
perry2012,president,2
perry2012,endorser,1
perry2012,regulation,1
perry2012,subsidy,1
perry2012,taxation,1
perry2012,rain,1
perry2012,bill,1
perry2012,reformation,1
perry2012,house,1
perry2012,uneasy,1
perry2012,establishment,1
perry2012,business,1
perry2012,man,1
perry2012,constitution,1
perry2012,execution,1
perry2012,trust,1
perry2012,past,1
perry2012,prayerfest,1
perry2012,group,1
PeterSchiff,schiff,19
PeterSchiff,blog,5
PeterSchiff,youtube,5
PeterSchiff,senate,3
PeterSchiff,dollar,3
PeterSchiff,week,3
PeterSchiff,economy,3
PeterSchiff,debt,3
PeterSchiff,year,2
PeterSchiff,page,2
PeterSchiff,market,2
PeterSchiff,capital,2
PeterSchiff,myth,2
PeterSchiff,qe,2
PeterSchiff,job,2
PeterSchiff,work,2
PeterSchiff,exposed,2
PeterSchiff,wednesday,2
PeterSchiff,speech,2
PeterSchiff,interview,2
PeterSchiff,obama,2
PeterSchiff,show,2
PeterSchiff,france,1
PeterSchiff,protester,1
PeterSchiff,timemoneymusings,1
PhxClassWarCouncil,protest,20
PhxClassWarCouncil,ferguson,12
PhxClassWarCouncil,anarchist,11
PhxClassWarCouncil,police,9
PhxClassWarCouncil,riot,8
PhxClassWarCouncil,shooting,7
PhxClassWarCouncil,attack,7
PhxClassWarCouncil,prison,7
PhxClassWarCouncil,say,7
PhxClassWarCouncil,movement,6
PhxClassWarCouncil,street,6
PhxClassWarCouncil,protester,5
PhxClassWarCouncil,life,5
PhxClassWarCouncil,work,5
PhxClassWarCouncil,oakland,4
PhxClassWarCouncil,woman,4
PhxClassWarCouncil,office,4
PhxClassWarCouncil,city,4
PhxClassWarCouncil,surveillance,4
PhxClassWarCouncil,action,4
PhxClassWarCouncil,law,4
PhxClassWarCouncil,history,3
PhxClassWarCouncil,away,3
PhxClassWarCouncil,worker,3
PhxClassWarCouncil,bombing,3
piratenpartei,piraten,50
piratenpartei,deutschland,31
piratenpartei,de,22
piratenpartei,online,17
piratenpartei,piratenpartei,15
piratenpartei,telepolis,12
piratenpartei,nrw,6
piratenpartei,bundesvorstandes,6
piratenpartei,au,5
piratenpartei,politik,4
piratenpartei,mbundestag,3
piratenpartei,niedersachsen,3
piratenpartei,youtube,3
piratenpartei,nachrichten,3
piratenpartei,werden,3
piratenpartei,hamburg,3
piratenpartei,vor,3
piratenpartei,berlin,3
piratenpartei,bundestag,3
piratenpartei,bayern,3
piratenpartei,linke,2
piratenpartei,vorratsdatenspeicherung,2
piratenpartei,kontrolle,2
piratenpartei,hat,2
piratenpartei,tanzverbot,2
PirateParty,infopolicy,22
PirateParty,election,21
PirateParty,party,15
PirateParty,eu,15
PirateParty,piratetimes,14
PirateParty,parliament,9
PirateParty,pirate,9
PirateParty,internet,9
PirateParty,law,8
PirateParty,iceland,7
PirateParty,state,6
PirateParty,mep,5
PirateParty,time,5
PirateParty,politics,4
PirateParty,surveillance,4
PirateParty,manchester,3
PirateParty,freedom,3
PirateParty,net,3
PirateParty,review,3
PirateParty,techdirt,3
PirateParty,right,3
PirateParty,vote,3
PirateParty,government,3
PirateParty,snowden,3
PirateParty,platform,3
PoliticalDiscussion,megathread,3
PoliticalDiscussion,district,2
PoliticalDiscussion,election,2
PoliticalDiscussion,con,2
PoliticalDiscussion,u,2
PoliticalDiscussion,address,1
PoliticalDiscussion,thread,1
PoliticalDiscussion,alabama,1
PoliticalDiscussion,democrat,1
PoliticalDiscussion,office,1
PoliticalDiscussion,quist,1
PoliticalDiscussion,mockery,1
PoliticalDiscussion,presidency,1
PoliticalDiscussion,admitted,1
PoliticalDiscussion,bill,1
PoliticalDiscussion,warfare,1
PoliticalDiscussion,counsel,1
PoliticalDiscussion,tomorrow,1
PoliticalDiscussion,negotiation,1
PoliticalDiscussion,system,1
PoliticalDiscussion,politics,1
PoliticalDiscussion,inequitable,1
PoliticalDiscussion,aviv,1
PoliticalDiscussion,iowa,1
PoliticalDiscussion,inequality,1
politicalhumor,trump,13
politicalhumor,hannity,6
politicalhumor,maga,6
politicalhumor,syria,6
politicalhumor,news,4
politicalhumor,time,4
politicalhumor,house,4
politicalhumor,russia,4
politicalhumor,client,4
politicalhumor,tonight,4
politicalhumor,america,3
politicalhumor,today,3
politicalhumor,east,3
politicalhumor,cartoonseditorial,3
politicalhumor,administration,3
politicalhumor,cohen,3
politicalhumor,one,3
politicalhumor,accomplished,3
politicalhumor,truth,3
politicalhumor,respect,2
politicalhumor,president,2
politicalhumor,decade,2
politicalhumor,jones,2
politicalhumor,video,2
politicalhumor,writing,2
PoliticalPhilosophy,philosophy,15
PoliticalPhilosophy,democracy,11
PoliticalPhilosophy,politics,11
PoliticalPhilosophy,theory,8
PoliticalPhilosophy,liberalism,7
PoliticalPhilosophy,right,6
PoliticalPhilosophy,thought,6
PoliticalPhilosophy,state,6
PoliticalPhilosophy,podcast,4
PoliticalPhilosophy,party,4
PoliticalPhilosophy,liberty,4
PoliticalPhilosophy,justice,4
PoliticalPhilosophy,society,4
PoliticalPhilosophy,question,4
PoliticalPhilosophy,interview,4
PoliticalPhilosophy,idea,4
PoliticalPhilosophy,magazine,4
PoliticalPhilosophy,university,4
PoliticalPhilosophy,trump,3
PoliticalPhilosophy,government,3
PoliticalPhilosophy,conservatism,3
PoliticalPhilosophy,history,3
PoliticalPhilosophy,america,3
PoliticalPhilosophy,egalitarianism,3
PoliticalPhilosophy,speech,3
politics,say,18
politics,trump,13
politics,law,9
politics,court,8
politics,sanction,8
politics,election,8
politics,case,7
politics,house,7
politics,lawyer,6
politics,race,6
politics,cohen,6
politics,year,5
politics,war,5
politics,change,5
politics,state,5
politics,affair,5
politics,job,5
politics,find,5
politics,mueller,5
politics,show,5
politics,russia,5
politics,president,4
politics,tax,4
politics,poll,4
politics,site,4
politics2,obama,9
politics2,obamacare,6
politics2,com,6
politics2,vote,5
politics2,deal,5
politics2,game,5
politics2,cut,4
politics2,year,4
politics2,say,4
politics2,loss,4
politics2,law,4
politics2,high,4
politics2,bill,4
politics2,event,4
politics2,congress,4
politics2,nasa,3
politics2,exchange,3
politics2,africa,3
politics2,government,3
politics2,list,3
politics2,state,3
politics2,u,3
politics2,surveillance,3
politics2,life,3
politics2,show,3
PoliticsPDFs,report,15
PoliticsPDFs,plan,13
PoliticsPDFs,state,8
PoliticsPDFs,security,7
PoliticsPDFs,policy,7
PoliticsPDFs,congress,7
PoliticsPDFs,america,6
PoliticsPDFs,economy,6
PoliticsPDFs,program,5
PoliticsPDFs,act,5
PoliticsPDFs,law,5
PoliticsPDFs,year,5
PoliticsPDFs,crisis,5
PoliticsPDFs,risk,4
PoliticsPDFs,future,4
PoliticsPDFs,world,4
PoliticsPDFs,reform,4
PoliticsPDFs,job,4
PoliticsPDFs,outlook,4
PoliticsPDFs,issue,4
PoliticsPDFs,study,4
PoliticsPDFs,budget,4
PoliticsPDFs,election,4
PoliticsPDFs,platform,3
PoliticsPDFs,iraq,3
Postleftanarchism,anarchism,5
Postleftanarchism,revolution,4
Postleftanarchism,leftism,3
Postleftanarchism,anarchist,3
Postleftanarchism,democracy,3
Postleftanarchism,anarchy,2
Postleftanarchism,jarach,2
Postleftanarchism,egoism,2
Postleftanarchism,simon,2
Postleftanarchism,apolitical,2
Postleftanarchism,distro,2
Postleftanarchism,recuperation,2
Postleftanarchism,server,2
Postleftanarchism,kaczynski,2
Postleftanarchism,wilson,1
Postleftanarchism,striker,1
Postleftanarchism,moderation,1
Postleftanarchism,committee,1
Postleftanarchism,critique,1
Postleftanarchism,activism,1
Postleftanarchism,civilization,1
Postleftanarchism,domestication,1
Postleftanarchism,ressentiment,1
Postleftanarchism,organization,1
Postleftanarchism,play,1
prisonreform,prison,79
prisonreform,prisoner,20
prisonreform,jail,20
prisonreform,reform,18
prisonreform,inmate,16
prisonreform,confinement,13
prisonreform,film,12
prisonreform,system,12
prisonreform,incarceration,10
prisonreform,labor,9
prisonreform,say,9
prisonreform,care,7
prisonreform,people,6
prisonreform,day,6
prisonreform,facility,6
prisonreform,right,6
prisonreform,life,6
prisonreform,state,5
prisonreform,strike,5
prisonreform,death,5
prisonreform,row,4
prisonreform,home,4
prisonreform,condition,4
prisonreform,abuse,4
prisonreform,bar,4
privacy,privacy,18
privacy,data,13
privacy,facebook,9
privacy,app,7
privacy,law,6
privacy,messenger,6
privacy,device,5
privacy,account,5
privacy,scandal,5
privacy,question,4
privacy,internet,4
privacy,message,4
privacy,user,4
privacy,android,3
privacy,service,3
privacy,home,3
privacy,security,3
privacy,ad,3
privacy,analytica,3
privacy,dns,3
privacy,phone,3
privacy,news,3
privacy,applicant,3
privacy,attack,2
privacy,whatsapp,2
progressive,trump,14
progressive,election,10
progressive,news,9
progressive,strike,7
progressive,bill,5
progressive,right,5
progressive,people,5
progressive,worker,4
progressive,wage,4
progressive,shooting,4
progressive,america,4
progressive,mueller,4
progressive,abortion,3
progressive,family,3
progressive,student,3
progressive,channel,3
progressive,obama,3
progressive,country,3
progressive,find,3
progressive,law,3
progressive,world,3
progressive,poor,3
progressive,campaign,3
progressive,fraud,3
progressive,say,3
propaganda,propaganda,40
propaganda,war,16
propaganda,medium,16
propaganda,news,11
propaganda,russia,11
propaganda,syria,10
propaganda,story,7
propaganda,attack,6
propaganda,lie,6
propaganda,election,6
propaganda,propagandist,6
propaganda,report,5
propaganda,johnstone,5
propaganda,video,4
propaganda,right,4
propaganda,investigation,4
propaganda,american,4
propaganda,disinformation,4
propaganda,russiagate,4
propaganda,twitter,4
propaganda,narrative,4
propaganda,campaign,4
propaganda,democracy,4
propaganda,machine,4
propaganda,know,4
propagandaposters,poster,38
propagandaposters,unknown,9
propagandaposters,propaganda,7
propagandaposters,comment,3
propagandaposters,australia,3
propagandaposters,korea,3
propagandaposters,usa,2
propagandaposters,war,2
propagandaposters,leaflet,2
propagandaposters,era,2
propagandaposters,ii,2
propagandaposters,wwi,2
propagandaposters,polish,2
propagandaposters,douglas,1
propagandaposters,becker,1
propagandaposters,ussr,1
propagandaposters,hitler,1
propagandaposters,robinson,1
propagandaposters,thompson,1
propagandaposters,invasion,1
propagandaposters,place,1
propagandaposters,cup,1
propagandaposters,nixon,1
propagandaposters,shed,1
propagandaposters,minor,1
racism,racist,10
racism,racism,9
racism,people,7
racism,white,5
racism,say,5
racism,year,4
racism,discrimination,4
racism,news,3
racism,america,3
racism,school,3
racism,history,3
racism,turkey,2
racism,photo,2
racism,movement,2
racism,supremacist,2
racism,find,2
racism,suggestion,2
racism,investigation,2
racism,campus,2
racism,politics,2
racism,supremacy,2
racism,crime,2
racism,law,2
racism,right,2
racism,cop,2
RadicalFeminism,sexism,1
RadicalFeminism,nightmare,1
RadicalFeminism,binary,1
RadicalFeminism,sex,1
RadicalFeminism,child,1
RadicalFeminism,pdfs,1
RadicalFeminism,guide,1
RadicalFeminism,identity,1
RadicalFeminism,lorde,1
RadicalFeminism,say,1
RadicalFeminism,dead,1
RadicalFeminism,quo,1
RadicalFeminism,hand,1
RadicalFeminism,dworkin,1
RadicalFeminism,feminism,1
RadicalFeminism,war,1
RadicalFeminism,mackinnon,1
RadicalFeminism,prostitution,1
RadicalFeminism,help,1
RadicalFeminism,prostitute,1
RadicalFeminism,trap,1
RadicalFeminism,nerd,1
ReligionInAmerica,ahmed,13
ReligionInAmerica,america,10
ReligionInAmerica,church,7
ReligionInAmerica,youtube,7
ReligionInAmerica,jesus,6
ReligionInAmerica,school,6
ReligionInAmerica,reformation,5
ReligionInAmerica,marriage,5
ReligionInAmerica,right,5
ReligionInAmerica,religion,4
ReligionInAmerica,muslim,4
ReligionInAmerica,politics,3
ReligionInAmerica,say,3
ReligionInAmerica,group,3
ReligionInAmerica,initiative,3
ReligionInAmerica,rape,3
ReligionInAmerica,question,3
ReligionInAmerica,center,3
ReligionInAmerica,hitler,3
ReligionInAmerica,united,2
ReligionInAmerica,trailer,2
ReligionInAmerica,newswire,2
ReligionInAmerica,week,2
ReligionInAmerica,discussion,2
ReligionInAmerica,power,2
Republican,gun,10
Republican,control,9
Republican,election,8
Republican,right,7
Republican,policy,6
Republican,amendment,5
Republican,bill,5
Republican,republican,5
Republican,shooting,5
Republican,house,4
Republican,city,4
Republican,attack,4
Republican,midterm,4
Republican,tariff,4
Republican,party,4
Republican,walkout,4
Republican,syria,4
Republican,security,3
Republican,america,3
Republican,dead,3
Republican,shooter,3
Republican,poll,3
Republican,border,3
Republican,law,3
Republican,program,3
republicanism,republic,11
republicanism,republicanism,10
republicanism,monarchy,7
republicanism,democracy,6
republicanism,opendemocracy,5
republicanism,republican,5
republicanism,constitution,4
republicanism,state,3
republicanism,freedom,3
republicanism,week,3
republicanism,uk,3
republicanism,topic,3
republicanism,benn,2
republicanism,minister,2
republicanism,right,2
republicanism,sense,2
republicanism,rousseau,2
republicanism,canada,2
republicanism,income,2
republicanism,referendum,2
republicanism,virtue,2
republicanism,honour,2
republicanism,medium,2
republicanism,guardian,2
republicanism,baby,2
republicans,trump,21
republicans,news,20
republicans,investigation,9
republicans,politicaledu,8
republicans,election,7
republicans,com,7
republicans,show,6
republicans,medium,5
republicans,story,5
republicans,democrat,5
republicans,carlson,5
republicans,thehill,4
republicans,obamagate,4
republicans,debate,4
republicans,say,4
republicans,party,4
republicans,russia,4
republicans,city,4
republicans,republican,4
republicans,gop,3
republicans,change,3
republicans,vote,3
republicans,interview,3
republicans,advocate,3
republicans,award,3
republicofpolitics,trump,11
republicofpolitics,war,7
republicofpolitics,poll,7
republicofpolitics,state,7
republicofpolitics,race,7
republicofpolitics,clinton,6
republicofpolitics,president,6
republicofpolitics,debate,5
republicofpolitics,meeting,5
republicofpolitics,america,5
republicofpolitics,say,5
republicofpolitics,obama,5
republicofpolitics,run,4
republicofpolitics,convention,4
republicofpolitics,speech,4
republicofpolitics,vote,4
republicofpolitics,politics,4
republicofpolitics,bill,4
republicofpolitics,senate,4
republicofpolitics,email,4
republicofpolitics,shooting,4
republicofpolitics,probe,4
republicofpolitics,warren,4
republicofpolitics,deal,4
republicofpolitics,isi,4
resilientcommunities,community,8
resilientcommunities,resilience,5
resilientcommunities,update,4
resilientcommunities,city,3
resilientcommunities,wiki,3
resilientcommunities,culture,2
resilientcommunities,africa,2
resilientcommunities,transition,2
resilientcommunities,magazine,2
resilientcommunities,commune,2
resilientcommunities,disaster,2
resilientcommunities,conference,2
resilientcommunities,grid,2
resilientcommunities,network,2
resilientcommunities,economy,2
resilientcommunities,collapse,2
resilientcommunities,set,2
resilientcommunities,free,2
resilientcommunities,making,1
resilientcommunities,inhabitots,1
resilientcommunities,farmtech,1
resilientcommunities,ghost,1
resilientcommunities,minute,1
resilientcommunities,chaos,1
resilientcommunities,street,1
revolution,revolution,35
revolution,war,7
revolution,change,5
revolution,world,4
revolution,revolt,4
revolution,protest,3
revolution,movement,3
revolution,invocation,3
revolution,leader,3
revolution,government,3
revolution,manifesto,3
revolution,police,3
revolution,state,3
revolution,blog,3
revolution,venezuela,3
revolution,america,3
revolution,drug,2
revolution,edition,2
revolution,organization,2
revolution,violence,2
revolution,right,2
revolution,opinion,2
revolution,com,2
revolution,truthdig,2
revolution,group,2
romney,com,37
romney,news,31
romney,romney,22
romney,youtube,15
romney,obama,8
romney,post,8
romney,blog,7
romney,say,6
romney,reuters,6
romney,bloomberg,6
romney,paul,5
romney,iraq,5
romney,president,5
romney,isi,4
romney,tax,4
romney,house,4
romney,attack,4
romney,forbes,4
romney,video,3
romney,state,3
romney,beast,3
romney,governor,3
romney,time,3
romney,voter,3
romney,strike,3
ronpaul,paul,20
ronpaul,trump,9
ronpaul,liberty,9
ronpaul,policy,7
ronpaul,speech,7
ronpaul,right,6
ronpaul,interview,5
ronpaul,attack,5
ronpaul,problem,5
ronpaul,korea,5
ronpaul,war,5
ronpaul,u,4
ronpaul,election,4
ronpaul,industry,3
ronpaul,bovard,3
ronpaul,convention,3
ronpaul,syria,3
ronpaul,state,3
ronpaul,cycle,3
ronpaul,fed,3
ronpaul,healthcare,3
ronpaul,obamacare,3
ronpaul,libertarian,3
ronpaul,russia,3
ronpaul,reserve,3
rpa,academy,53
rpa,bangalore,50
rpa,rpa,10
rpa,automation,8
rpa,studio,6
rpa,marathahalli,5
rpa,page,4
rpa,zine,2
rpa,reform,2
rpa,name,2
rpa,hyderabad,2
rpa,merger,1
rpa,activism,1
rpa,free,1
rpa,neutrality,1
rpa,implementation,1
rpa,tfot,1
rpa,method,1
rpa,subscriber,1
rpa,change,1
rpa,worker,1
rpa,update,1
rpa,mud,1
rpa,alltheleft,1
rpa,healthcare,1
rpac,neutrality,29
rpac,rule,6
rpac,com,6
rpac,technology,6
rpac,cispa,5
rpac,act,5
rpac,internet,4
rpac,bill,4
rpac,evolutionreddit,4
rpac,pac,4
rpac,fcc,3
rpac,u,3
rpac,foundation,3
rpac,policy,3
rpac,month,3
rpac,testpac,3
rpac,politics,3
rpac,update,3
rpac,net,3
rpac,eff,2
rpac,clyburn,2
rpac,community,2
rpac,rpac,2
rpac,knowledge,2
rpac,legislation,2
sensiblewashington,blog,7
sensiblewashington,com,5
sensiblewashington,town,5
sensiblewashington,marijuana,4
sensiblewashington,tree,3
sensiblewashington,prohibition,3
sensiblewashington,youtube,3
sensiblewashington,newspaper,3
sensiblewashington,wa,2
sensiblewashington,seattle,2
sensiblewashington,dispensary,2
sensiblewashington,cannabis,2
sensiblewashington,washington,2
sensiblewashington,initiative,2
sensiblewashington,sport,2
sensiblewashington,law,2
sensiblewashington,campaign,2
sensiblewashington,time,2
sensiblewashington,legalization,2
sensiblewashington,plant,1
sensiblewashington,treebeard,1
sensiblewashington,world,1
sensiblewashington,gallery,1
sensiblewashington,network,1
sensiblewashington,lawsuit,1
socialdemocracy,left,18
socialdemocracy,democracy,14
socialdemocracy,brexit,10
socialdemocracy,varoufakis,9
socialdemocracy,party,9
socialdemocracy,trump,8
socialdemocracy,election,8
socialdemocracy,poll,7
socialdemocracy,vote,6
socialdemocracy,state,6
socialdemocracy,america,5
socialdemocracy,government,5
socialdemocracy,race,5
socialdemocracy,merkel,5
socialdemocracy,corbyn,5
socialdemocracy,growth,5
socialdemocracy,voter,4
socialdemocracy,work,4
socialdemocracy,u,4
socialdemocracy,labour,4
socialdemocracy,time,4
socialdemocracy,right,4
socialdemocracy,politics,4
socialdemocracy,macron,4
socialdemocracy,economy,4
socialism,syria,7
socialism,capitalism,7
socialism,war,5
socialism,right,5
socialism,socialist,5
socialism,palestinian,5
socialism,economy,4
socialism,strike,4
socialism,socialism,4
socialism,left,4
socialism,view,3
socialism,party,3
socialism,fascist,3
socialism,revolution,3
socialism,homeless,3
socialism,people,3
socialism,history,3
socialism,medium,3
socialism,racism,3
socialism,action,3
socialism,france,3
socialism,today,3
socialism,democrat,3
socialism,rojava,3
socialism,anarchism,2
SocialScience,america,17
SocialScience,find,11
SocialScience,science,9
SocialScience,theory,7
SocialScience,politics,6
SocialScience,podcast,6
SocialScience,school,6
SocialScience,idea,5
SocialScience,psychology,5
SocialScience,study,5
SocialScience,identity,5
SocialScience,relationship,5
SocialScience,intelligence,5
SocialScience,company,4
SocialScience,city,4
SocialScience,century,4
SocialScience,trump,4
SocialScience,people,4
SocialScience,repair,4
SocialScience,era,4
SocialScience,daily,4
SocialScience,say,4
SocialScience,google,4
SocialScience,culture,4
SocialScience,place,3
SOPA,cispa,44
SOPA,bill,21
SOPA,youtube,21
SOPA,freedom,15
SOPA,sopa,14
SOPA,internet,8
SOPA,dept,7
SOPA,right,6
SOPA,senate,5
SOPA,cybersecurity,5
SOPA,privacy,5
SOPA,techdirt,5
SOPA,amendment,4
SOPA,vote,4
SOPA,threat,4
SOPA,evolutionreddit,4
SOPA,liberty,3
SOPA,action,3
SOPA,list,3
SOPA,support,3
SOPA,acta,3
SOPA,rule,3
SOPA,testpac,3
SOPA,news,3
SOPA,politics,3
StateOfTheUnion,com,8
StateOfTheUnion,america,7
StateOfTheUnion,address,5
StateOfTheUnion,alternet,5
StateOfTheUnion,news,5
StateOfTheUnion,right,5
StateOfTheUnion,politics,4
StateOfTheUnion,war,4
StateOfTheUnion,policy,3
StateOfTheUnion,say,3
StateOfTheUnion,history,3
StateOfTheUnion,post,3
StateOfTheUnion,trump,3
StateOfTheUnion,reform,3
StateOfTheUnion,map,3
StateOfTheUnion,district,3
StateOfTheUnion,stateoftheunion,2
StateOfTheUnion,collapse,2
StateOfTheUnion,blog,2
StateOfTheUnion,bill,2
StateOfTheUnion,mind,2
StateOfTheUnion,industry,2
StateOfTheUnion,side,2
StateOfTheUnion,speech,2
StateOfTheUnion,congress,2
strikeaction,strike,169
strikeaction,news,32
strikeaction,action,16
strikeaction,week,11
strikeaction,reform,11
strikeaction,business,9
strikeaction,protest,8
strikeaction,vote,8
strikeaction,pay,8
strikeaction,wage,8
strikeaction,worker,8
strikeaction,workersvanguard,8
strikeaction,contract,7
strikeaction,deal,7
strikeaction,job,6
strikeaction,day,6
strikeaction,say,6
strikeaction,friday,6
strikeaction,continues,6
strikeaction,toronto,6
strikeaction,plan,5
strikeaction,mandate,5
strikeaction,change,5
strikeaction,reached,5
strikeaction,nwlaborpress,5
Sunlight,public,13
Sunlight,money,12
Sunlight,pac,11
Sunlight,law,10
Sunlight,spending,9
Sunlight,transparency,9
Sunlight,donor,9
Sunlight,campaign,8
Sunlight,secret,8
Sunlight,record,8
Sunlight,race,8
Sunlight,data,7
Sunlight,cash,7
Sunlight,report,7
Sunlight,bill,6
Sunlight,government,6
Sunlight,rule,6
Sunlight,investigation,6
Sunlight,candidate,5
Sunlight,ad,5
Sunlight,document,5
Sunlight,year,5
Sunlight,election,5
Sunlight,sander,4
Sunlight,day,4
tea_party,state,12
tea_party,islam,10
tea_party,america,6
tea_party,iran,6
tea_party,muslim,6
tea_party,france,6
tea_party,link,6
tea_party,edition,4
tea_party,job,4
tea_party,program,4
tea_party,libya,4
tea_party,isi,4
tea_party,identified,3
tea_party,report,3
tea_party,plan,3
tea_party,president,3
tea_party,syria,3
tea_party,fed,3
tea_party,israel,3
tea_party,immigration,3
tea_party,ruling,3
tea_party,attack,3
tea_party,congress,3
tea_party,iraq,3
tea_party,medium,3
Thewarondrugs,drug,46
Thewarondrugs,marijuana,33
Thewarondrugs,war,31
Thewarondrugs,legalization,15
Thewarondrugs,weedist,13
Thewarondrugs,raid,9
Thewarondrugs,cannabis,9
Thewarondrugs,policy,8
Thewarondrugs,prohibition,7
Thewarondrugs,law,6
Thewarondrugs,prison,6
Thewarondrugs,america,6
Thewarondrugs,pot,6
Thewarondrugs,trade,5
Thewarondrugs,debate,5
Thewarondrugs,say,5
Thewarondrugs,problem,4
Thewarondrugs,state,4
Thewarondrugs,colorado,4
Thewarondrugs,story,4
Thewarondrugs,failure,3
Thewarondrugs,like,3
Thewarondrugs,mexico,3
Thewarondrugs,poll,3
Thewarondrugs,city,3
troubledteens,therapy,17
troubledteens,school,17
troubledteens,teen,15
troubledteens,academy,12
troubledteens,program,12
troubledteens,camp,11
troubledteens,facility,11
troubledteens,abuse,9
troubledteens,center,9
troubledteens,ama,8
troubledteens,minor,7
troubledteens,industry,7
troubledteens,utah,7
troubledteens,survivor,6
troubledteens,experience,5
troubledteens,life,5
troubledteens,tti,5
troubledteens,care,4
troubledteens,ranch,4
troubledteens,kid,4
troubledteens,youth,4
troubledteens,help,4
troubledteens,show,3
troubledteens,changed,3
troubledteens,parent,3
tsa,check,4
tsa,nsfw,1
tsa,quickcharge,1
tsa,laptop,1
tsa,cbt,1
tsa,cigarette,1
tsa,liquid,1
tsa,equip,1
tsa,question,1
tsa,info,1
tsa,identification,1
tsa,interview,1
tsa,assessment,1
tsa,chance,1
tsa,europe,1
tsa,confiscation,1
tsa,converter,1
tsa,food,1
tsa,officer,1
tsa,electronics,1
tsa,english,1
tsa,nd,1
tsa,iad,1
tsa,preparation,1
tsa,airport,1
ukpolitics,syria,33
ukpolitics,attack,17
ukpolitics,news,16
ukpolitics,brexit,13
ukpolitics,strike,12
ukpolitics,deal,9
ukpolitics,politics,8
ukpolitics,action,7
ukpolitics,say,7
ukpolitics,opinion,7
ukpolitics,airstrikes,6
ukpolitics,uk,6
ukpolitics,may,6
ukpolitics,leader,6
ukpolitics,corbyn,5
ukpolitics,debate,5
ukpolitics,crisis,5
ukpolitics,law,5
ukpolitics,war,5
ukpolitics,year,5
ukpolitics,policy,4
ukpolitics,vote,4
ukpolitics,wrong,4
ukpolitics,antisemitism,4
ukpolitics,case,4
union,union,46
union,strike,31
union,unionize,22
union,worker,15
union,news,13
union,employee,11
union,nwlaborpress,9
union,job,8
union,vote,8
union,say,8
union,labor,7
union,protest,6
union,contract,6
union,newsguild,6
union,workersvanguard,6
union,wage,5
union,plant,5
union,member,5
union,right,4
union,threat,4
union,month,4
union,virginia,4
union,school,4
union,attack,4
union,unionization,4
USPE12,state,5
USPE12,candidate,5
USPE12,campaign,5
USPE12,perry,4
USPE12,ad,4
USPE12,debate,4
USPE12,right,4
USPE12,record,4
USPE12,politics,3
USPE12,com,3
USPE12,law,3
USPE12,amendment,3
USPE12,event,3
USPE12,summit,3
USPE12,abortion,3
USPE12,christianity,2
USPE12,bachmann,2
USPE12,god,2
USPE12,president,2
USPE12,nomination,2
USPE12,romney,2
USPE12,mormonism,2
USPE12,video,2
USPE12,endorsement,2
USPE12,show,2
uspolitics,FALSE,24
uspolitics,trump,20
uspolitics,TRUE,13
uspolitics,say,12
uspolitics,pinocchios,9
uspolitics,election,6
uspolitics,bill,5
uspolitics,america,5
uspolitics,work,4
uspolitics,country,4
uspolitics,epa,4
uspolitics,campaign,4
uspolitics,politics,4
uspolitics,school,4
uspolitics,state,4
uspolitics,office,3
uspolitics,war,3
uspolitics,law,3
uspolitics,explained,3
uspolitics,gop,3
uspolitics,vote,3
uspolitics,democrat,3
uspolitics,democracy,3
uspolitics,show,3
uspolitics,rule,3
voluntarism,state,11
voluntarism,org,5
voluntarism,voluntarism,5
voluntarism,society,5
voluntarism,law,4
voluntarism,com,4
voluntarism,market,4
voluntarism,liberty,4
voluntarism,government,4
voluntarism,capitalism,4
voluntarism,bitcoin,4
voluntarism,india,4
voluntarism,principle,3
voluntarism,politics,3
voluntarism,show,3
voluntarism,spectrum,3
voluntarism,religion,3
voluntarism,interview,3
voluntarism,statism,3
voluntarism,tax,3
voluntarism,minute,3
voluntarism,wood,2
voluntarism,school,2
voluntarism,abroad,2
voluntarism,others,2
votingtheory,voting,14
votingtheory,system,4
votingtheory,vote,3
votingtheory,election,3
votingtheory,science,3
votingtheory,democracy,2
votingtheory,race,2
votingtheory,ford,1
votingtheory,u,1
votingtheory,map,1
votingtheory,registration,1
votingtheory,network,1
votingtheory,perfect,1
votingtheory,problem,1
votingtheory,coalition,1
votingtheory,regime,1
votingtheory,involved,1
votingtheory,proportional,1
votingtheory,decision,1
votingtheory,use,1
votingtheory,colorlines,1
votingtheory,method,1
votingtheory,holiday,1
votingtheory,fraud,1
votingtheory,show,1
war,war,38
war,syria,11
war,isi,10
war,history,6
war,warfare,6
war,iraq,5
war,korea,5
war,story,4
war,gaza,4
war,attack,4
war,army,4
war,day,4
war,china,4
war,youtube,4
war,question,3
war,europe,3
war,campaign,3
war,tank,3
war,strike,3
war,russia,3
war,sea,3
war,child,3
war,world,3
war,deal,3
war,shelling,3
WikiLeaks,wikileaks,19
WikiLeaks,assange,18
WikiLeaks,embassy,10
WikiLeaks,war,7
WikiLeaks,syria,6
WikiLeaks,warrant,6
WikiLeaks,report,6
WikiLeaks,hedge,5
WikiLeaks,murray,5
WikiLeaks,news,5
WikiLeaks,narrative,4
WikiLeaks,russia,4
WikiLeaks,show,4
WikiLeaks,president,4
WikiLeaks,medium,4
WikiLeaks,case,4
WikiLeaks,dore,4
WikiLeaks,state,4
WikiLeaks,greenwald,3
WikiLeaks,manipulation,3
WikiLeaks,country,3
WikiLeaks,bill,3
WikiLeaks,journalism,3
WikiLeaks,leak,3
WikiLeaks,analytica,3
wisconsinpolitics,wisconsin,12
wisconsinpolitics,com,5
wisconsinpolitics,walker,5
wisconsinpolitics,time,4
wisconsinpolitics,ct,4
wisconsinpolitics,bill,4
wisconsinpolitics,vote,4
wisconsinpolitics,senator,3
wisconsinpolitics,senate,3
wisconsinpolitics,election,3
wisconsinpolitics,journal,3
wisconsinpolitics,coverage,2
wisconsinpolitics,system,2
wisconsinpolitics,right,2
wisconsinpolitics,politics,2
wisconsinpolitics,district,2
wisconsinpolitics,union,2
wisconsinpolitics,plan,2
wisconsinpolitics,ryan,2
wisconsinpolitics,ballot,2
wisconsinpolitics,democrat,2
wisconsinpolitics,marijuana,2
wisconsinpolitics,fund,2
wisconsinpolitics,job,2
wisconsinpolitics,refugee,2
Worldevents,korea,13
Worldevents,say,12
Worldevents,venezuela,8
Worldevents,war,6
Worldevents,protest,6
Worldevents,crisis,5
Worldevents,syria,5
Worldevents,election,5
Worldevents,news,5
Worldevents,time,5
Worldevents,afghanistan,4
Worldevents,year,4
Worldevents,democracy,4
Worldevents,state,4
Worldevents,sanction,4
Worldevents,report,4
Worldevents,scandal,4
Worldevents,test,4
Worldevents,vote,4
Worldevents,ghouta,4
Worldevents,policy,4
Worldevents,meeting,3
Worldevents,water,3
Worldevents,country,3
Worldevents,agency,3
worldnews,syria,14
worldnews,attack,13
worldnews,say,10
worldnews,medium,6
worldnews,site,6
worldnews,news,5
worldnews,year,5
worldnews,trial,5
worldnews,trump,4
worldnews,outcry,4
worldnews,germany,4
worldnews,australia,4
worldnews,campaign,4
worldnews,election,3
worldnews,pm,3
worldnews,russia,3
worldnews,protest,3
worldnews,incomplete,3
worldnews,system,3
worldnews,commander,3
worldnews,risk,3
worldnews,strike,3
worldnews,ban,3
worldnews,unhcr,3
worldnews,thailand,2
worldnews2,ukraine,9
worldnews2,year,8
worldnews2,world,7
worldnews2,video,7
worldnews2,report,6
worldnews2,state,6
worldnews2,russia,5
worldnews2,people,5
worldnews2,war,5
worldnews2,death,5
worldnews2,attack,5
worldnews2,age,4
worldnews2,u,4
worldnews2,escobar,4
worldnews2,murder,4
worldnews2,high,4
worldnews2,century,4
worldnews2,citizen,4
worldnews2,cartoon,4
worldnews2,germany,4
worldnews2,america,4
worldnews2,bank,3
worldnews2,account,3
worldnews2,country,3
worldnews2,warming,3
worldpolitics,syria,70
worldpolitics,attack,21
worldpolitics,news,18
worldpolitics,war,11
worldpolitics,strike,9
worldpolitics,year,8
worldpolitics,hedge,7
worldpolitics,say,7
worldpolitics,trump,7
worldpolitics,ghouta,5
worldpolitics,president,5
worldpolitics,douma,5
worldpolitics,election,4
worldpolitics,terrorist,4
worldpolitics,law,4
worldpolitics,u,4
worldpolitics,airstrikes,4
worldpolitics,evidence,4
worldpolitics,guardian,4
worldpolitics,russia,4
worldpolitics,site,4
worldpolitics,assad,3
worldpolitics,people,3
worldpolitics,video,3
worldpolitics,gaza,3
YouthRights,school,12
YouthRights,kid,11
YouthRights,child,11
YouthRights,right,8
YouthRights,youth,6
YouthRights,news,5
YouthRights,year,5
YouthRights,law,4
YouthRights,debate,4
YouthRights,blog,4
YouthRights,people,4
YouthRights,vote,4
YouthRights,teen,4
YouthRights,age,4
YouthRights,study,3
YouthRights,work,3
YouthRights,student,3
YouthRights,state,3
YouthRights,online,3
YouthRights,case,3
YouthRights,adult,3
YouthRights,education,3
YouthRights,day,3
YouthRights,say,3
YouthRights,action,3
